[2024-10-14 11:56:15] local.INFO: imagecreatefromjpeg(/home/tk-lpt-0530/Documents/Laravel_Projects/RevisitLaravel/storage/app/public/uploads/8EFRUVP68nDA6viXO8aS4SnDXq2WgDTsbsSb9IIA.jpg): Failed to open stream: No such file or directory {"exception":"#0 /home/tk-lpt-0530/Documents/Laravel_Projects/RevisitLaravel/vendor/laravel/framework/src/Illuminate/Foundation/Bootstrap/HandleExceptions.php(256): Illuminate\\Foundation\\Bootstrap\\HandleExceptions->handleError()
#1 [internal function]: Illuminate\\Foundation\\Bootstrap\\HandleExceptions->Illuminate\\Foundation\\Bootstrap\\{closure}()
#2 /home/tk-lpt-0530/Documents/Laravel_Projects/RevisitLaravel/app/Repositories/ImageRepository.php(121): imagecreatefromjpeg()
#3 /home/tk-lpt-0530/Documents/Laravel_Projects/RevisitLaravel/app/Repositories/ImageRepository.php(96): App\\Repositories\\ImageRepository->moveMultiResolutionImages()
#4 /home/tk-lpt-0530/Documents/Laravel_Projects/RevisitLaravel/app/Repositories/ImageRepository.php(53): App\\Repositories\\ImageRepository->saveMultiResolutionImages()
#5 /home/tk-lpt-0530/Documents/Laravel_Projects/RevisitLaravel/app/Http/Controllers/ProductController.php(161): App\\Repositories\\ImageRepository->storeImages()
#6 /home/tk-lpt-0530/Documents/Laravel_Projects/RevisitLaravel/vendor/laravel/framework/src/Illuminate/Routing/ControllerDispatcher.php(46): App\\Http\\Controllers\\ProductController->store()
#7 /home/tk-lpt-0530/Documents/Laravel_Projects/RevisitLaravel/vendor/laravel/framework/src/Illuminate/Routing/Route.php(260): Illuminate\\Routing\\ControllerDispatcher->dispatch()
#8 /home/tk-lpt-0530/Documents/Laravel_Projects/RevisitLaravel/vendor/laravel/framework/src/Illuminate/Routing/Route.php(206): Illuminate\\Routing\\Route->runController()
#9 /home/tk-lpt-0530/Documents/Laravel_Projects/RevisitLaravel/vendor/laravel/framework/src/Illuminate/Routing/Router.php(808): Illuminate\\Routing\\Route->run()
#10 /home/tk-lpt-0530/Documents/Laravel_Projects/RevisitLaravel/vendor/laravel/framework/src/Illuminate/Pipeline/Pipeline.php(144): Illuminate\\Routing\\Router->Illuminate\\Routing\\{closure}()
#11 /home/tk-lpt-0530/Documents/Laravel_Projects/RevisitLaravel/vendor/laravel/framework/src/Illuminate/Routing/Middleware/SubstituteBindings.php(51): Illuminate\\Pipeline\\Pipeline->Illuminate\\Pipeline\\{closure}()
#12 /home/tk-lpt-0530/Documents/Laravel_Projects/RevisitLaravel/vendor/laravel/framework/src/Illuminate/Pipeline/Pipeline.php(183): Illuminate\\Routing\\Middleware\\SubstituteBindings->handle()
#13 /home/tk-lpt-0530/Documents/Laravel_Projects/RevisitLaravel/vendor/laravel/framework/src/Illuminate/Auth/Middleware/Authenticate.php(64): Illuminate\\Pipeline\\Pipeline->Illuminate\\Pipeline\\{closure}()
#14 /home/tk-lpt-0530/Documents/Laravel_Projects/RevisitLaravel/vendor/laravel/framework/src/Illuminate/Pipeline/Pipeline.php(183): Illuminate\\Auth\\Middleware\\Authenticate->handle()
#15 /home/tk-lpt-0530/Documents/Laravel_Projects/RevisitLaravel/vendor/laravel/framework/src/Illuminate/Pipeline/Pipeline.php(119): Illuminate\\Pipeline\\Pipeline->Illuminate\\Pipeline\\{closure}()
#16 /home/tk-lpt-0530/Documents/Laravel_Projects/RevisitLaravel/vendor/laravel/framework/src/Illuminate/Routing/Router.php(807): Illuminate\\Pipeline\\Pipeline->then()
#17 /home/tk-lpt-0530/Documents/Laravel_Projects/RevisitLaravel/vendor/laravel/framework/src/Illuminate/Routing/Router.php(786): Illuminate\\Routing\\Router->runRouteWithinStack()
#18 /home/tk-lpt-0530/Documents/Laravel_Projects/RevisitLaravel/vendor/laravel/framework/src/Illuminate/Routing/Router.php(750): Illuminate\\Routing\\Router->runRoute()
#19 /home/tk-lpt-0530/Documents/Laravel_Projects/RevisitLaravel/vendor/laravel/framework/src/Illuminate/Routing/Router.php(739): Illuminate\\Routing\\Router->dispatchToRoute()
#20 /home/tk-lpt-0530/Documents/Laravel_Projects/RevisitLaravel/vendor/laravel/framework/src/Illuminate/Foundation/Http/Kernel.php(201): Illuminate\\Routing\\Router->dispatch()
#21 /home/tk-lpt-0530/Documents/Laravel_Projects/RevisitLaravel/vendor/laravel/framework/src/Illuminate/Pipeline/Pipeline.php(144): Illuminate\\Foundation\\Http\\Kernel->Illuminate\\Foundation\\Http\\{closure}()
#22 /home/tk-lpt-0530/Documents/Laravel_Projects/RevisitLaravel/vendor/laravel/framework/src/Illuminate/Foundation/Http/Middleware/TransformsRequest.php(21): Illuminate\\Pipeline\\Pipeline->Illuminate\\Pipeline\\{closure}()
#23 /home/tk-lpt-0530/Documents/Laravel_Projects/RevisitLaravel/vendor/laravel/framework/src/Illuminate/Foundation/Http/Middleware/ConvertEmptyStringsToNull.php(31): Illuminate\\Foundation\\Http\\Middleware\\TransformsRequest->handle()
#24 /home/tk-lpt-0530/Documents/Laravel_Projects/RevisitLaravel/vendor/laravel/framework/src/Illuminate/Pipeline/Pipeline.php(183): Illuminate\\Foundation\\Http\\Middleware\\ConvertEmptyStringsToNull->handle()
#25 /home/tk-lpt-0530/Documents/Laravel_Projects/RevisitLaravel/vendor/laravel/framework/src/Illuminate/Foundation/Http/Middleware/TransformsRequest.php(21): Illuminate\\Pipeline\\Pipeline->Illuminate\\Pipeline\\{closure}()
#26 /home/tk-lpt-0530/Documents/Laravel_Projects/RevisitLaravel/vendor/laravel/framework/src/Illuminate/Foundation/Http/Middleware/TrimStrings.php(51): Illuminate\\Foundation\\Http\\Middleware\\TransformsRequest->handle()
#27 /home/tk-lpt-0530/Documents/Laravel_Projects/RevisitLaravel/vendor/laravel/framework/src/Illuminate/Pipeline/Pipeline.php(183): Illuminate\\Foundation\\Http\\Middleware\\TrimStrings->handle()
#28 /home/tk-lpt-0530/Documents/Laravel_Projects/RevisitLaravel/vendor/laravel/framework/src/Illuminate/Http/Middleware/ValidatePostSize.php(27): Illuminate\\Pipeline\\Pipeline->Illuminate\\Pipeline\\{closure}()
#29 /home/tk-lpt-0530/Documents/Laravel_Projects/RevisitLaravel/vendor/laravel/framework/src/Illuminate/Pipeline/Pipeline.php(183): Illuminate\\Http\\Middleware\\ValidatePostSize->handle()
#30 /home/tk-lpt-0530/Documents/Laravel_Projects/RevisitLaravel/vendor/laravel/framework/src/Illuminate/Foundation/Http/Middleware/PreventRequestsDuringMaintenance.php(110): Illuminate\\Pipeline\\Pipeline->Illuminate\\Pipeline\\{closure}()
#31 /home/tk-lpt-0530/Documents/Laravel_Projects/RevisitLaravel/vendor/laravel/framework/src/Illuminate/Pipeline/Pipeline.php(183): Illuminate\\Foundation\\Http\\Middleware\\PreventRequestsDuringMaintenance->handle()
#32 /home/tk-lpt-0530/Documents/Laravel_Projects/RevisitLaravel/vendor/laravel/framework/src/Illuminate/Http/Middleware/HandleCors.php(62): Illuminate\\Pipeline\\Pipeline->Illuminate\\Pipeline\\{closure}()
#33 /home/tk-lpt-0530/Documents/Laravel_Projects/RevisitLaravel/vendor/laravel/framework/src/Illuminate/Pipeline/Pipeline.php(183): Illuminate\\Http\\Middleware\\HandleCors->handle()
#34 /home/tk-lpt-0530/Documents/Laravel_Projects/RevisitLaravel/vendor/laravel/framework/src/Illuminate/Http/Middleware/TrustProxies.php(57): Illuminate\\Pipeline\\Pipeline->Illuminate\\Pipeline\\{closure}()
#35 /home/tk-lpt-0530/Documents/Laravel_Projects/RevisitLaravel/vendor/laravel/framework/src/Illuminate/Pipeline/Pipeline.php(183): Illuminate\\Http\\Middleware\\TrustProxies->handle()
#36 /home/tk-lpt-0530/Documents/Laravel_Projects/RevisitLaravel/vendor/laravel/framework/src/Illuminate/Pipeline/Pipeline.php(119): Illuminate\\Pipeline\\Pipeline->Illuminate\\Pipeline\\{closure}()
#37 /home/tk-lpt-0530/Documents/Laravel_Projects/RevisitLaravel/vendor/laravel/framework/src/Illuminate/Foundation/Http/Kernel.php(176): Illuminate\\Pipeline\\Pipeline->then()
#38 /home/tk-lpt-0530/Documents/Laravel_Projects/RevisitLaravel/vendor/laravel/framework/src/Illuminate/Foundation/Http/Kernel.php(145): Illuminate\\Foundation\\Http\\Kernel->sendRequestThroughRouter()
#39 /home/tk-lpt-0530/Documents/Laravel_Projects/RevisitLaravel/vendor/laravel/framework/src/Illuminate/Foundation/Application.php(1188): Illuminate\\Foundation\\Http\\Kernel->handle()
#40 /home/tk-lpt-0530/Documents/Laravel_Projects/RevisitLaravel/public/index.php(17): Illuminate\\Foundation\\Application->handleRequest()
#41 /home/tk-lpt-0530/Documents/Laravel_Projects/RevisitLaravel/vendor/laravel/framework/src/Illuminate/Foundation/resources/server.php(23): require_once('...')
#42 {main}","message":"Error is in moveMultiResolutionImages method in ImageRepository"} 
[2024-10-14 11:56:15] local.INFO: imagecreatefromjpeg(/home/tk-lpt-0530/Documents/Laravel_Projects/RevisitLaravel/storage/app/public/uploads/8EFRUVP68nDA6viXO8aS4SnDXq2WgDTsbsSb9IIA.jpg): Failed to open stream: No such file or directory {"exception":"#0 /home/tk-lpt-0530/Documents/Laravel_Projects/RevisitLaravel/vendor/laravel/framework/src/Illuminate/Foundation/Bootstrap/HandleExceptions.php(256): Illuminate\\Foundation\\Bootstrap\\HandleExceptions->handleError()
#1 [internal function]: Illuminate\\Foundation\\Bootstrap\\HandleExceptions->Illuminate\\Foundation\\Bootstrap\\{closure}()
#2 /home/tk-lpt-0530/Documents/Laravel_Projects/RevisitLaravel/app/Repositories/ImageRepository.php(121): imagecreatefromjpeg()
#3 /home/tk-lpt-0530/Documents/Laravel_Projects/RevisitLaravel/app/Repositories/ImageRepository.php(96): App\\Repositories\\ImageRepository->moveMultiResolutionImages()
#4 /home/tk-lpt-0530/Documents/Laravel_Projects/RevisitLaravel/app/Repositories/ImageRepository.php(53): App\\Repositories\\ImageRepository->saveMultiResolutionImages()
#5 /home/tk-lpt-0530/Documents/Laravel_Projects/RevisitLaravel/app/Http/Controllers/ProductController.php(161): App\\Repositories\\ImageRepository->storeImages()
#6 /home/tk-lpt-0530/Documents/Laravel_Projects/RevisitLaravel/vendor/laravel/framework/src/Illuminate/Routing/ControllerDispatcher.php(46): App\\Http\\Controllers\\ProductController->store()
#7 /home/tk-lpt-0530/Documents/Laravel_Projects/RevisitLaravel/vendor/laravel/framework/src/Illuminate/Routing/Route.php(260): Illuminate\\Routing\\ControllerDispatcher->dispatch()
#8 /home/tk-lpt-0530/Documents/Laravel_Projects/RevisitLaravel/vendor/laravel/framework/src/Illuminate/Routing/Route.php(206): Illuminate\\Routing\\Route->runController()
#9 /home/tk-lpt-0530/Documents/Laravel_Projects/RevisitLaravel/vendor/laravel/framework/src/Illuminate/Routing/Router.php(808): Illuminate\\Routing\\Route->run()
#10 /home/tk-lpt-0530/Documents/Laravel_Projects/RevisitLaravel/vendor/laravel/framework/src/Illuminate/Pipeline/Pipeline.php(144): Illuminate\\Routing\\Router->Illuminate\\Routing\\{closure}()
#11 /home/tk-lpt-0530/Documents/Laravel_Projects/RevisitLaravel/vendor/laravel/framework/src/Illuminate/Routing/Middleware/SubstituteBindings.php(51): Illuminate\\Pipeline\\Pipeline->Illuminate\\Pipeline\\{closure}()
#12 /home/tk-lpt-0530/Documents/Laravel_Projects/RevisitLaravel/vendor/laravel/framework/src/Illuminate/Pipeline/Pipeline.php(183): Illuminate\\Routing\\Middleware\\SubstituteBindings->handle()
#13 /home/tk-lpt-0530/Documents/Laravel_Projects/RevisitLaravel/vendor/laravel/framework/src/Illuminate/Auth/Middleware/Authenticate.php(64): Illuminate\\Pipeline\\Pipeline->Illuminate\\Pipeline\\{closure}()
#14 /home/tk-lpt-0530/Documents/Laravel_Projects/RevisitLaravel/vendor/laravel/framework/src/Illuminate/Pipeline/Pipeline.php(183): Illuminate\\Auth\\Middleware\\Authenticate->handle()
#15 /home/tk-lpt-0530/Documents/Laravel_Projects/RevisitLaravel/vendor/laravel/framework/src/Illuminate/Pipeline/Pipeline.php(119): Illuminate\\Pipeline\\Pipeline->Illuminate\\Pipeline\\{closure}()
#16 /home/tk-lpt-0530/Documents/Laravel_Projects/RevisitLaravel/vendor/laravel/framework/src/Illuminate/Routing/Router.php(807): Illuminate\\Pipeline\\Pipeline->then()
#17 /home/tk-lpt-0530/Documents/Laravel_Projects/RevisitLaravel/vendor/laravel/framework/src/Illuminate/Routing/Router.php(786): Illuminate\\Routing\\Router->runRouteWithinStack()
#18 /home/tk-lpt-0530/Documents/Laravel_Projects/RevisitLaravel/vendor/laravel/framework/src/Illuminate/Routing/Router.php(750): Illuminate\\Routing\\Router->runRoute()
#19 /home/tk-lpt-0530/Documents/Laravel_Projects/RevisitLaravel/vendor/laravel/framework/src/Illuminate/Routing/Router.php(739): Illuminate\\Routing\\Router->dispatchToRoute()
#20 /home/tk-lpt-0530/Documents/Laravel_Projects/RevisitLaravel/vendor/laravel/framework/src/Illuminate/Foundation/Http/Kernel.php(201): Illuminate\\Routing\\Router->dispatch()
#21 /home/tk-lpt-0530/Documents/Laravel_Projects/RevisitLaravel/vendor/laravel/framework/src/Illuminate/Pipeline/Pipeline.php(144): Illuminate\\Foundation\\Http\\Kernel->Illuminate\\Foundation\\Http\\{closure}()
#22 /home/tk-lpt-0530/Documents/Laravel_Projects/RevisitLaravel/vendor/laravel/framework/src/Illuminate/Foundation/Http/Middleware/TransformsRequest.php(21): Illuminate\\Pipeline\\Pipeline->Illuminate\\Pipeline\\{closure}()
#23 /home/tk-lpt-0530/Documents/Laravel_Projects/RevisitLaravel/vendor/laravel/framework/src/Illuminate/Foundation/Http/Middleware/ConvertEmptyStringsToNull.php(31): Illuminate\\Foundation\\Http\\Middleware\\TransformsRequest->handle()
#24 /home/tk-lpt-0530/Documents/Laravel_Projects/RevisitLaravel/vendor/laravel/framework/src/Illuminate/Pipeline/Pipeline.php(183): Illuminate\\Foundation\\Http\\Middleware\\ConvertEmptyStringsToNull->handle()
#25 /home/tk-lpt-0530/Documents/Laravel_Projects/RevisitLaravel/vendor/laravel/framework/src/Illuminate/Foundation/Http/Middleware/TransformsRequest.php(21): Illuminate\\Pipeline\\Pipeline->Illuminate\\Pipeline\\{closure}()
#26 /home/tk-lpt-0530/Documents/Laravel_Projects/RevisitLaravel/vendor/laravel/framework/src/Illuminate/Foundation/Http/Middleware/TrimStrings.php(51): Illuminate\\Foundation\\Http\\Middleware\\TransformsRequest->handle()
#27 /home/tk-lpt-0530/Documents/Laravel_Projects/RevisitLaravel/vendor/laravel/framework/src/Illuminate/Pipeline/Pipeline.php(183): Illuminate\\Foundation\\Http\\Middleware\\TrimStrings->handle()
#28 /home/tk-lpt-0530/Documents/Laravel_Projects/RevisitLaravel/vendor/laravel/framework/src/Illuminate/Http/Middleware/ValidatePostSize.php(27): Illuminate\\Pipeline\\Pipeline->Illuminate\\Pipeline\\{closure}()
#29 /home/tk-lpt-0530/Documents/Laravel_Projects/RevisitLaravel/vendor/laravel/framework/src/Illuminate/Pipeline/Pipeline.php(183): Illuminate\\Http\\Middleware\\ValidatePostSize->handle()
#30 /home/tk-lpt-0530/Documents/Laravel_Projects/RevisitLaravel/vendor/laravel/framework/src/Illuminate/Foundation/Http/Middleware/PreventRequestsDuringMaintenance.php(110): Illuminate\\Pipeline\\Pipeline->Illuminate\\Pipeline\\{closure}()
#31 /home/tk-lpt-0530/Documents/Laravel_Projects/RevisitLaravel/vendor/laravel/framework/src/Illuminate/Pipeline/Pipeline.php(183): Illuminate\\Foundation\\Http\\Middleware\\PreventRequestsDuringMaintenance->handle()
#32 /home/tk-lpt-0530/Documents/Laravel_Projects/RevisitLaravel/vendor/laravel/framework/src/Illuminate/Http/Middleware/HandleCors.php(62): Illuminate\\Pipeline\\Pipeline->Illuminate\\Pipeline\\{closure}()
#33 /home/tk-lpt-0530/Documents/Laravel_Projects/RevisitLaravel/vendor/laravel/framework/src/Illuminate/Pipeline/Pipeline.php(183): Illuminate\\Http\\Middleware\\HandleCors->handle()
#34 /home/tk-lpt-0530/Documents/Laravel_Projects/RevisitLaravel/vendor/laravel/framework/src/Illuminate/Http/Middleware/TrustProxies.php(57): Illuminate\\Pipeline\\Pipeline->Illuminate\\Pipeline\\{closure}()
#35 /home/tk-lpt-0530/Documents/Laravel_Projects/RevisitLaravel/vendor/laravel/framework/src/Illuminate/Pipeline/Pipeline.php(183): Illuminate\\Http\\Middleware\\TrustProxies->handle()
#36 /home/tk-lpt-0530/Documents/Laravel_Projects/RevisitLaravel/vendor/laravel/framework/src/Illuminate/Pipeline/Pipeline.php(119): Illuminate\\Pipeline\\Pipeline->Illuminate\\Pipeline\\{closure}()
#37 /home/tk-lpt-0530/Documents/Laravel_Projects/RevisitLaravel/vendor/laravel/framework/src/Illuminate/Foundation/Http/Kernel.php(176): Illuminate\\Pipeline\\Pipeline->then()
#38 /home/tk-lpt-0530/Documents/Laravel_Projects/RevisitLaravel/vendor/laravel/framework/src/Illuminate/Foundation/Http/Kernel.php(145): Illuminate\\Foundation\\Http\\Kernel->sendRequestThroughRouter()
#39 /home/tk-lpt-0530/Documents/Laravel_Projects/RevisitLaravel/vendor/laravel/framework/src/Illuminate/Foundation/Application.php(1188): Illuminate\\Foundation\\Http\\Kernel->handle()
#40 /home/tk-lpt-0530/Documents/Laravel_Projects/RevisitLaravel/public/index.php(17): Illuminate\\Foundation\\Application->handleRequest()
#41 /home/tk-lpt-0530/Documents/Laravel_Projects/RevisitLaravel/vendor/laravel/framework/src/Illuminate/Foundation/resources/server.php(23): require_once('...')
#42 {main}","message":"Error is in saveMultiResolutionImages method in ImageRepository"} 
[2024-10-14 11:56:15] local.INFO: imagecreatefromjpeg(/home/tk-lpt-0530/Documents/Laravel_Projects/RevisitLaravel/storage/app/public/uploads/8EFRUVP68nDA6viXO8aS4SnDXq2WgDTsbsSb9IIA.jpg): Failed to open stream: No such file or directory {"exception":"#0 /home/tk-lpt-0530/Documents/Laravel_Projects/RevisitLaravel/vendor/laravel/framework/src/Illuminate/Foundation/Bootstrap/HandleExceptions.php(256): Illuminate\\Foundation\\Bootstrap\\HandleExceptions->handleError()
#1 [internal function]: Illuminate\\Foundation\\Bootstrap\\HandleExceptions->Illuminate\\Foundation\\Bootstrap\\{closure}()
#2 /home/tk-lpt-0530/Documents/Laravel_Projects/RevisitLaravel/app/Repositories/ImageRepository.php(121): imagecreatefromjpeg()
#3 /home/tk-lpt-0530/Documents/Laravel_Projects/RevisitLaravel/app/Repositories/ImageRepository.php(96): App\\Repositories\\ImageRepository->moveMultiResolutionImages()
#4 /home/tk-lpt-0530/Documents/Laravel_Projects/RevisitLaravel/app/Repositories/ImageRepository.php(53): App\\Repositories\\ImageRepository->saveMultiResolutionImages()
#5 /home/tk-lpt-0530/Documents/Laravel_Projects/RevisitLaravel/app/Http/Controllers/ProductController.php(161): App\\Repositories\\ImageRepository->storeImages()
#6 /home/tk-lpt-0530/Documents/Laravel_Projects/RevisitLaravel/vendor/laravel/framework/src/Illuminate/Routing/ControllerDispatcher.php(46): App\\Http\\Controllers\\ProductController->store()
#7 /home/tk-lpt-0530/Documents/Laravel_Projects/RevisitLaravel/vendor/laravel/framework/src/Illuminate/Routing/Route.php(260): Illuminate\\Routing\\ControllerDispatcher->dispatch()
#8 /home/tk-lpt-0530/Documents/Laravel_Projects/RevisitLaravel/vendor/laravel/framework/src/Illuminate/Routing/Route.php(206): Illuminate\\Routing\\Route->runController()
#9 /home/tk-lpt-0530/Documents/Laravel_Projects/RevisitLaravel/vendor/laravel/framework/src/Illuminate/Routing/Router.php(808): Illuminate\\Routing\\Route->run()
#10 /home/tk-lpt-0530/Documents/Laravel_Projects/RevisitLaravel/vendor/laravel/framework/src/Illuminate/Pipeline/Pipeline.php(144): Illuminate\\Routing\\Router->Illuminate\\Routing\\{closure}()
#11 /home/tk-lpt-0530/Documents/Laravel_Projects/RevisitLaravel/vendor/laravel/framework/src/Illuminate/Routing/Middleware/SubstituteBindings.php(51): Illuminate\\Pipeline\\Pipeline->Illuminate\\Pipeline\\{closure}()
#12 /home/tk-lpt-0530/Documents/Laravel_Projects/RevisitLaravel/vendor/laravel/framework/src/Illuminate/Pipeline/Pipeline.php(183): Illuminate\\Routing\\Middleware\\SubstituteBindings->handle()
#13 /home/tk-lpt-0530/Documents/Laravel_Projects/RevisitLaravel/vendor/laravel/framework/src/Illuminate/Auth/Middleware/Authenticate.php(64): Illuminate\\Pipeline\\Pipeline->Illuminate\\Pipeline\\{closure}()
#14 /home/tk-lpt-0530/Documents/Laravel_Projects/RevisitLaravel/vendor/laravel/framework/src/Illuminate/Pipeline/Pipeline.php(183): Illuminate\\Auth\\Middleware\\Authenticate->handle()
#15 /home/tk-lpt-0530/Documents/Laravel_Projects/RevisitLaravel/vendor/laravel/framework/src/Illuminate/Pipeline/Pipeline.php(119): Illuminate\\Pipeline\\Pipeline->Illuminate\\Pipeline\\{closure}()
#16 /home/tk-lpt-0530/Documents/Laravel_Projects/RevisitLaravel/vendor/laravel/framework/src/Illuminate/Routing/Router.php(807): Illuminate\\Pipeline\\Pipeline->then()
#17 /home/tk-lpt-0530/Documents/Laravel_Projects/RevisitLaravel/vendor/laravel/framework/src/Illuminate/Routing/Router.php(786): Illuminate\\Routing\\Router->runRouteWithinStack()
#18 /home/tk-lpt-0530/Documents/Laravel_Projects/RevisitLaravel/vendor/laravel/framework/src/Illuminate/Routing/Router.php(750): Illuminate\\Routing\\Router->runRoute()
#19 /home/tk-lpt-0530/Documents/Laravel_Projects/RevisitLaravel/vendor/laravel/framework/src/Illuminate/Routing/Router.php(739): Illuminate\\Routing\\Router->dispatchToRoute()
#20 /home/tk-lpt-0530/Documents/Laravel_Projects/RevisitLaravel/vendor/laravel/framework/src/Illuminate/Foundation/Http/Kernel.php(201): Illuminate\\Routing\\Router->dispatch()
#21 /home/tk-lpt-0530/Documents/Laravel_Projects/RevisitLaravel/vendor/laravel/framework/src/Illuminate/Pipeline/Pipeline.php(144): Illuminate\\Foundation\\Http\\Kernel->Illuminate\\Foundation\\Http\\{closure}()
#22 /home/tk-lpt-0530/Documents/Laravel_Projects/RevisitLaravel/vendor/laravel/framework/src/Illuminate/Foundation/Http/Middleware/TransformsRequest.php(21): Illuminate\\Pipeline\\Pipeline->Illuminate\\Pipeline\\{closure}()
#23 /home/tk-lpt-0530/Documents/Laravel_Projects/RevisitLaravel/vendor/laravel/framework/src/Illuminate/Foundation/Http/Middleware/ConvertEmptyStringsToNull.php(31): Illuminate\\Foundation\\Http\\Middleware\\TransformsRequest->handle()
#24 /home/tk-lpt-0530/Documents/Laravel_Projects/RevisitLaravel/vendor/laravel/framework/src/Illuminate/Pipeline/Pipeline.php(183): Illuminate\\Foundation\\Http\\Middleware\\ConvertEmptyStringsToNull->handle()
#25 /home/tk-lpt-0530/Documents/Laravel_Projects/RevisitLaravel/vendor/laravel/framework/src/Illuminate/Foundation/Http/Middleware/TransformsRequest.php(21): Illuminate\\Pipeline\\Pipeline->Illuminate\\Pipeline\\{closure}()
#26 /home/tk-lpt-0530/Documents/Laravel_Projects/RevisitLaravel/vendor/laravel/framework/src/Illuminate/Foundation/Http/Middleware/TrimStrings.php(51): Illuminate\\Foundation\\Http\\Middleware\\TransformsRequest->handle()
#27 /home/tk-lpt-0530/Documents/Laravel_Projects/RevisitLaravel/vendor/laravel/framework/src/Illuminate/Pipeline/Pipeline.php(183): Illuminate\\Foundation\\Http\\Middleware\\TrimStrings->handle()
#28 /home/tk-lpt-0530/Documents/Laravel_Projects/RevisitLaravel/vendor/laravel/framework/src/Illuminate/Http/Middleware/ValidatePostSize.php(27): Illuminate\\Pipeline\\Pipeline->Illuminate\\Pipeline\\{closure}()
#29 /home/tk-lpt-0530/Documents/Laravel_Projects/RevisitLaravel/vendor/laravel/framework/src/Illuminate/Pipeline/Pipeline.php(183): Illuminate\\Http\\Middleware\\ValidatePostSize->handle()
#30 /home/tk-lpt-0530/Documents/Laravel_Projects/RevisitLaravel/vendor/laravel/framework/src/Illuminate/Foundation/Http/Middleware/PreventRequestsDuringMaintenance.php(110): Illuminate\\Pipeline\\Pipeline->Illuminate\\Pipeline\\{closure}()
#31 /home/tk-lpt-0530/Documents/Laravel_Projects/RevisitLaravel/vendor/laravel/framework/src/Illuminate/Pipeline/Pipeline.php(183): Illuminate\\Foundation\\Http\\Middleware\\PreventRequestsDuringMaintenance->handle()
#32 /home/tk-lpt-0530/Documents/Laravel_Projects/RevisitLaravel/vendor/laravel/framework/src/Illuminate/Http/Middleware/HandleCors.php(62): Illuminate\\Pipeline\\Pipeline->Illuminate\\Pipeline\\{closure}()
#33 /home/tk-lpt-0530/Documents/Laravel_Projects/RevisitLaravel/vendor/laravel/framework/src/Illuminate/Pipeline/Pipeline.php(183): Illuminate\\Http\\Middleware\\HandleCors->handle()
#34 /home/tk-lpt-0530/Documents/Laravel_Projects/RevisitLaravel/vendor/laravel/framework/src/Illuminate/Http/Middleware/TrustProxies.php(57): Illuminate\\Pipeline\\Pipeline->Illuminate\\Pipeline\\{closure}()
#35 /home/tk-lpt-0530/Documents/Laravel_Projects/RevisitLaravel/vendor/laravel/framework/src/Illuminate/Pipeline/Pipeline.php(183): Illuminate\\Http\\Middleware\\TrustProxies->handle()
#36 /home/tk-lpt-0530/Documents/Laravel_Projects/RevisitLaravel/vendor/laravel/framework/src/Illuminate/Pipeline/Pipeline.php(119): Illuminate\\Pipeline\\Pipeline->Illuminate\\Pipeline\\{closure}()
#37 /home/tk-lpt-0530/Documents/Laravel_Projects/RevisitLaravel/vendor/laravel/framework/src/Illuminate/Foundation/Http/Kernel.php(176): Illuminate\\Pipeline\\Pipeline->then()
#38 /home/tk-lpt-0530/Documents/Laravel_Projects/RevisitLaravel/vendor/laravel/framework/src/Illuminate/Foundation/Http/Kernel.php(145): Illuminate\\Foundation\\Http\\Kernel->sendRequestThroughRouter()
#39 /home/tk-lpt-0530/Documents/Laravel_Projects/RevisitLaravel/vendor/laravel/framework/src/Illuminate/Foundation/Application.php(1188): Illuminate\\Foundation\\Http\\Kernel->handle()
#40 /home/tk-lpt-0530/Documents/Laravel_Projects/RevisitLaravel/public/index.php(17): Illuminate\\Foundation\\Application->handleRequest()
#41 /home/tk-lpt-0530/Documents/Laravel_Projects/RevisitLaravel/vendor/laravel/framework/src/Illuminate/Foundation/resources/server.php(23): require_once('...')
#42 {main}","message":"Error is in storeImages method in ImageRepository"} 
[2024-10-14 12:17:03] local.ERROR: syntax error, unexpected token ";", expecting variable {"userId":89,"exception":"[object] (ParseError(code: 0): syntax error, unexpected token \";\", expecting variable at /home/tk-lpt-0530/Documents/Laravel_Projects/RevisitLaravel/app/Repositories/ImageRepository.php:26)
[stacktrace]
#0 /home/tk-lpt-0530/Documents/Laravel_Projects/RevisitLaravel/vendor/composer/ClassLoader.php(428): Composer\\Autoload\\includeFile()
#1 [internal function]: Composer\\Autoload\\ClassLoader->loadClass()
#2 /home/tk-lpt-0530/Documents/Laravel_Projects/RevisitLaravel/vendor/laravel/framework/src/Illuminate/Container/Container.php(938): ReflectionClass->__construct()
#3 /home/tk-lpt-0530/Documents/Laravel_Projects/RevisitLaravel/vendor/laravel/framework/src/Illuminate/Container/Container.php(815): Illuminate\\Container\\Container->build()
#4 /home/tk-lpt-0530/Documents/Laravel_Projects/RevisitLaravel/vendor/laravel/framework/src/Illuminate/Foundation/Application.php(1046): Illuminate\\Container\\Container->resolve()
#5 /home/tk-lpt-0530/Documents/Laravel_Projects/RevisitLaravel/vendor/laravel/framework/src/Illuminate/Container/Container.php(751): Illuminate\\Foundation\\Application->resolve()
#6 /home/tk-lpt-0530/Documents/Laravel_Projects/RevisitLaravel/vendor/laravel/framework/src/Illuminate/Foundation/Application.php(1028): Illuminate\\Container\\Container->make()
#7 /home/tk-lpt-0530/Documents/Laravel_Projects/RevisitLaravel/vendor/laravel/framework/src/Illuminate/Container/Container.php(1119): Illuminate\\Foundation\\Application->make()
#8 /home/tk-lpt-0530/Documents/Laravel_Projects/RevisitLaravel/vendor/laravel/framework/src/Illuminate/Container/Container.php(1022): Illuminate\\Container\\Container->resolveClass()
#9 /home/tk-lpt-0530/Documents/Laravel_Projects/RevisitLaravel/vendor/laravel/framework/src/Illuminate/Container/Container.php(973): Illuminate\\Container\\Container->resolveDependencies()
#10 /home/tk-lpt-0530/Documents/Laravel_Projects/RevisitLaravel/vendor/laravel/framework/src/Illuminate/Container/Container.php(815): Illuminate\\Container\\Container->build()
#11 /home/tk-lpt-0530/Documents/Laravel_Projects/RevisitLaravel/vendor/laravel/framework/src/Illuminate/Foundation/Application.php(1046): Illuminate\\Container\\Container->resolve()
#12 /home/tk-lpt-0530/Documents/Laravel_Projects/RevisitLaravel/vendor/laravel/framework/src/Illuminate/Container/Container.php(751): Illuminate\\Foundation\\Application->resolve()
#13 /home/tk-lpt-0530/Documents/Laravel_Projects/RevisitLaravel/vendor/laravel/framework/src/Illuminate/Foundation/Application.php(1028): Illuminate\\Container\\Container->make()
#14 /home/tk-lpt-0530/Documents/Laravel_Projects/RevisitLaravel/vendor/laravel/framework/src/Illuminate/Routing/Route.php(279): Illuminate\\Foundation\\Application->make()
#15 /home/tk-lpt-0530/Documents/Laravel_Projects/RevisitLaravel/vendor/laravel/framework/src/Illuminate/Routing/Route.php(261): Illuminate\\Routing\\Route->getController()
#16 /home/tk-lpt-0530/Documents/Laravel_Projects/RevisitLaravel/vendor/laravel/framework/src/Illuminate/Routing/Route.php(206): Illuminate\\Routing\\Route->runController()
#17 /home/tk-lpt-0530/Documents/Laravel_Projects/RevisitLaravel/vendor/laravel/framework/src/Illuminate/Routing/Router.php(808): Illuminate\\Routing\\Route->run()
#18 /home/tk-lpt-0530/Documents/Laravel_Projects/RevisitLaravel/vendor/laravel/framework/src/Illuminate/Pipeline/Pipeline.php(144): Illuminate\\Routing\\Router->Illuminate\\Routing\\{closure}()
#19 /home/tk-lpt-0530/Documents/Laravel_Projects/RevisitLaravel/vendor/laravel/framework/src/Illuminate/Routing/Middleware/SubstituteBindings.php(51): Illuminate\\Pipeline\\Pipeline->Illuminate\\Pipeline\\{closure}()
#20 /home/tk-lpt-0530/Documents/Laravel_Projects/RevisitLaravel/vendor/laravel/framework/src/Illuminate/Pipeline/Pipeline.php(183): Illuminate\\Routing\\Middleware\\SubstituteBindings->handle()
#21 /home/tk-lpt-0530/Documents/Laravel_Projects/RevisitLaravel/vendor/laravel/framework/src/Illuminate/Auth/Middleware/Authenticate.php(64): Illuminate\\Pipeline\\Pipeline->Illuminate\\Pipeline\\{closure}()
#22 /home/tk-lpt-0530/Documents/Laravel_Projects/RevisitLaravel/vendor/laravel/framework/src/Illuminate/Pipeline/Pipeline.php(183): Illuminate\\Auth\\Middleware\\Authenticate->handle()
#23 /home/tk-lpt-0530/Documents/Laravel_Projects/RevisitLaravel/vendor/laravel/framework/src/Illuminate/Pipeline/Pipeline.php(119): Illuminate\\Pipeline\\Pipeline->Illuminate\\Pipeline\\{closure}()
#24 /home/tk-lpt-0530/Documents/Laravel_Projects/RevisitLaravel/vendor/laravel/framework/src/Illuminate/Routing/Router.php(807): Illuminate\\Pipeline\\Pipeline->then()
#25 /home/tk-lpt-0530/Documents/Laravel_Projects/RevisitLaravel/vendor/laravel/framework/src/Illuminate/Routing/Router.php(786): Illuminate\\Routing\\Router->runRouteWithinStack()
#26 /home/tk-lpt-0530/Documents/Laravel_Projects/RevisitLaravel/vendor/laravel/framework/src/Illuminate/Routing/Router.php(750): Illuminate\\Routing\\Router->runRoute()
#27 /home/tk-lpt-0530/Documents/Laravel_Projects/RevisitLaravel/vendor/laravel/framework/src/Illuminate/Routing/Router.php(739): Illuminate\\Routing\\Router->dispatchToRoute()
#28 /home/tk-lpt-0530/Documents/Laravel_Projects/RevisitLaravel/vendor/laravel/framework/src/Illuminate/Foundation/Http/Kernel.php(201): Illuminate\\Routing\\Router->dispatch()
#29 /home/tk-lpt-0530/Documents/Laravel_Projects/RevisitLaravel/vendor/laravel/framework/src/Illuminate/Pipeline/Pipeline.php(144): Illuminate\\Foundation\\Http\\Kernel->Illuminate\\Foundation\\Http\\{closure}()
#30 /home/tk-lpt-0530/Documents/Laravel_Projects/RevisitLaravel/vendor/laravel/framework/src/Illuminate/Foundation/Http/Middleware/TransformsRequest.php(21): Illuminate\\Pipeline\\Pipeline->Illuminate\\Pipeline\\{closure}()
#31 /home/tk-lpt-0530/Documents/Laravel_Projects/RevisitLaravel/vendor/laravel/framework/src/Illuminate/Foundation/Http/Middleware/ConvertEmptyStringsToNull.php(31): Illuminate\\Foundation\\Http\\Middleware\\TransformsRequest->handle()
#32 /home/tk-lpt-0530/Documents/Laravel_Projects/RevisitLaravel/vendor/laravel/framework/src/Illuminate/Pipeline/Pipeline.php(183): Illuminate\\Foundation\\Http\\Middleware\\ConvertEmptyStringsToNull->handle()
#33 /home/tk-lpt-0530/Documents/Laravel_Projects/RevisitLaravel/vendor/laravel/framework/src/Illuminate/Foundation/Http/Middleware/TransformsRequest.php(21): Illuminate\\Pipeline\\Pipeline->Illuminate\\Pipeline\\{closure}()
#34 /home/tk-lpt-0530/Documents/Laravel_Projects/RevisitLaravel/vendor/laravel/framework/src/Illuminate/Foundation/Http/Middleware/TrimStrings.php(51): Illuminate\\Foundation\\Http\\Middleware\\TransformsRequest->handle()
#35 /home/tk-lpt-0530/Documents/Laravel_Projects/RevisitLaravel/vendor/laravel/framework/src/Illuminate/Pipeline/Pipeline.php(183): Illuminate\\Foundation\\Http\\Middleware\\TrimStrings->handle()
#36 /home/tk-lpt-0530/Documents/Laravel_Projects/RevisitLaravel/vendor/laravel/framework/src/Illuminate/Http/Middleware/ValidatePostSize.php(27): Illuminate\\Pipeline\\Pipeline->Illuminate\\Pipeline\\{closure}()
#37 /home/tk-lpt-0530/Documents/Laravel_Projects/RevisitLaravel/vendor/laravel/framework/src/Illuminate/Pipeline/Pipeline.php(183): Illuminate\\Http\\Middleware\\ValidatePostSize->handle()
#38 /home/tk-lpt-0530/Documents/Laravel_Projects/RevisitLaravel/vendor/laravel/framework/src/Illuminate/Foundation/Http/Middleware/PreventRequestsDuringMaintenance.php(110): Illuminate\\Pipeline\\Pipeline->Illuminate\\Pipeline\\{closure}()
#39 /home/tk-lpt-0530/Documents/Laravel_Projects/RevisitLaravel/vendor/laravel/framework/src/Illuminate/Pipeline/Pipeline.php(183): Illuminate\\Foundation\\Http\\Middleware\\PreventRequestsDuringMaintenance->handle()
#40 /home/tk-lpt-0530/Documents/Laravel_Projects/RevisitLaravel/vendor/laravel/framework/src/Illuminate/Http/Middleware/HandleCors.php(62): Illuminate\\Pipeline\\Pipeline->Illuminate\\Pipeline\\{closure}()
#41 /home/tk-lpt-0530/Documents/Laravel_Projects/RevisitLaravel/vendor/laravel/framework/src/Illuminate/Pipeline/Pipeline.php(183): Illuminate\\Http\\Middleware\\HandleCors->handle()
#42 /home/tk-lpt-0530/Documents/Laravel_Projects/RevisitLaravel/vendor/laravel/framework/src/Illuminate/Http/Middleware/TrustProxies.php(57): Illuminate\\Pipeline\\Pipeline->Illuminate\\Pipeline\\{closure}()
#43 /home/tk-lpt-0530/Documents/Laravel_Projects/RevisitLaravel/vendor/laravel/framework/src/Illuminate/Pipeline/Pipeline.php(183): Illuminate\\Http\\Middleware\\TrustProxies->handle()
#44 /home/tk-lpt-0530/Documents/Laravel_Projects/RevisitLaravel/vendor/laravel/framework/src/Illuminate/Pipeline/Pipeline.php(119): Illuminate\\Pipeline\\Pipeline->Illuminate\\Pipeline\\{closure}()
#45 /home/tk-lpt-0530/Documents/Laravel_Projects/RevisitLaravel/vendor/laravel/framework/src/Illuminate/Foundation/Http/Kernel.php(176): Illuminate\\Pipeline\\Pipeline->then()
#46 /home/tk-lpt-0530/Documents/Laravel_Projects/RevisitLaravel/vendor/laravel/framework/src/Illuminate/Foundation/Http/Kernel.php(145): Illuminate\\Foundation\\Http\\Kernel->sendRequestThroughRouter()
#47 /home/tk-lpt-0530/Documents/Laravel_Projects/RevisitLaravel/vendor/laravel/framework/src/Illuminate/Foundation/Application.php(1188): Illuminate\\Foundation\\Http\\Kernel->handle()
#48 /home/tk-lpt-0530/Documents/Laravel_Projects/RevisitLaravel/public/index.php(17): Illuminate\\Foundation\\Application->handleRequest()
#49 /home/tk-lpt-0530/Documents/Laravel_Projects/RevisitLaravel/vendor/laravel/framework/src/Illuminate/Foundation/resources/server.php(23): require_once('...')
#50 {main}
"} 
[2024-10-14 12:17:23] local.ERROR: Access level to App\Repositories\ImageRepository::$model must be protected (as in class App\Repositories\Products\BaseRepository) or weaker {"userId":89,"exception":"[object] (Symfony\\Component\\ErrorHandler\\Error\\FatalError(code: 0): Access level to App\\Repositories\\ImageRepository::$model must be protected (as in class App\\Repositories\\Products\\BaseRepository) or weaker at /home/tk-lpt-0530/Documents/Laravel_Projects/RevisitLaravel/app/Repositories/ImageRepository.php:0)
[stacktrace]
#0 {main}
"} 
[2024-10-14 12:22:22] local.ERROR: syntax error, unexpected token "." {"userId":89,"exception":"[object] (ParseError(code: 0): syntax error, unexpected token \".\" at /home/tk-lpt-0530/Documents/Laravel_Projects/RevisitLaravel/app/Repositories/ImageRepository.php:121)
[stacktrace]
#0 /home/tk-lpt-0530/Documents/Laravel_Projects/RevisitLaravel/vendor/composer/ClassLoader.php(428): Composer\\Autoload\\includeFile()
#1 [internal function]: Composer\\Autoload\\ClassLoader->loadClass()
#2 /home/tk-lpt-0530/Documents/Laravel_Projects/RevisitLaravel/vendor/laravel/framework/src/Illuminate/Container/Container.php(938): ReflectionClass->__construct()
#3 /home/tk-lpt-0530/Documents/Laravel_Projects/RevisitLaravel/vendor/laravel/framework/src/Illuminate/Container/Container.php(815): Illuminate\\Container\\Container->build()
#4 /home/tk-lpt-0530/Documents/Laravel_Projects/RevisitLaravel/vendor/laravel/framework/src/Illuminate/Foundation/Application.php(1046): Illuminate\\Container\\Container->resolve()
#5 /home/tk-lpt-0530/Documents/Laravel_Projects/RevisitLaravel/vendor/laravel/framework/src/Illuminate/Container/Container.php(751): Illuminate\\Foundation\\Application->resolve()
#6 /home/tk-lpt-0530/Documents/Laravel_Projects/RevisitLaravel/vendor/laravel/framework/src/Illuminate/Foundation/Application.php(1028): Illuminate\\Container\\Container->make()
#7 /home/tk-lpt-0530/Documents/Laravel_Projects/RevisitLaravel/vendor/laravel/framework/src/Illuminate/Container/Container.php(1119): Illuminate\\Foundation\\Application->make()
#8 /home/tk-lpt-0530/Documents/Laravel_Projects/RevisitLaravel/vendor/laravel/framework/src/Illuminate/Container/Container.php(1022): Illuminate\\Container\\Container->resolveClass()
#9 /home/tk-lpt-0530/Documents/Laravel_Projects/RevisitLaravel/vendor/laravel/framework/src/Illuminate/Container/Container.php(973): Illuminate\\Container\\Container->resolveDependencies()
#10 /home/tk-lpt-0530/Documents/Laravel_Projects/RevisitLaravel/vendor/laravel/framework/src/Illuminate/Container/Container.php(815): Illuminate\\Container\\Container->build()
#11 /home/tk-lpt-0530/Documents/Laravel_Projects/RevisitLaravel/vendor/laravel/framework/src/Illuminate/Foundation/Application.php(1046): Illuminate\\Container\\Container->resolve()
#12 /home/tk-lpt-0530/Documents/Laravel_Projects/RevisitLaravel/vendor/laravel/framework/src/Illuminate/Container/Container.php(751): Illuminate\\Foundation\\Application->resolve()
#13 /home/tk-lpt-0530/Documents/Laravel_Projects/RevisitLaravel/vendor/laravel/framework/src/Illuminate/Foundation/Application.php(1028): Illuminate\\Container\\Container->make()
#14 /home/tk-lpt-0530/Documents/Laravel_Projects/RevisitLaravel/vendor/laravel/framework/src/Illuminate/Routing/Route.php(279): Illuminate\\Foundation\\Application->make()
#15 /home/tk-lpt-0530/Documents/Laravel_Projects/RevisitLaravel/vendor/laravel/framework/src/Illuminate/Routing/Route.php(261): Illuminate\\Routing\\Route->getController()
#16 /home/tk-lpt-0530/Documents/Laravel_Projects/RevisitLaravel/vendor/laravel/framework/src/Illuminate/Routing/Route.php(206): Illuminate\\Routing\\Route->runController()
#17 /home/tk-lpt-0530/Documents/Laravel_Projects/RevisitLaravel/vendor/laravel/framework/src/Illuminate/Routing/Router.php(808): Illuminate\\Routing\\Route->run()
#18 /home/tk-lpt-0530/Documents/Laravel_Projects/RevisitLaravel/vendor/laravel/framework/src/Illuminate/Pipeline/Pipeline.php(144): Illuminate\\Routing\\Router->Illuminate\\Routing\\{closure}()
#19 /home/tk-lpt-0530/Documents/Laravel_Projects/RevisitLaravel/vendor/laravel/framework/src/Illuminate/Routing/Middleware/SubstituteBindings.php(51): Illuminate\\Pipeline\\Pipeline->Illuminate\\Pipeline\\{closure}()
#20 /home/tk-lpt-0530/Documents/Laravel_Projects/RevisitLaravel/vendor/laravel/framework/src/Illuminate/Pipeline/Pipeline.php(183): Illuminate\\Routing\\Middleware\\SubstituteBindings->handle()
#21 /home/tk-lpt-0530/Documents/Laravel_Projects/RevisitLaravel/vendor/laravel/framework/src/Illuminate/Auth/Middleware/Authenticate.php(64): Illuminate\\Pipeline\\Pipeline->Illuminate\\Pipeline\\{closure}()
#22 /home/tk-lpt-0530/Documents/Laravel_Projects/RevisitLaravel/vendor/laravel/framework/src/Illuminate/Pipeline/Pipeline.php(183): Illuminate\\Auth\\Middleware\\Authenticate->handle()
#23 /home/tk-lpt-0530/Documents/Laravel_Projects/RevisitLaravel/vendor/laravel/framework/src/Illuminate/Pipeline/Pipeline.php(119): Illuminate\\Pipeline\\Pipeline->Illuminate\\Pipeline\\{closure}()
#24 /home/tk-lpt-0530/Documents/Laravel_Projects/RevisitLaravel/vendor/laravel/framework/src/Illuminate/Routing/Router.php(807): Illuminate\\Pipeline\\Pipeline->then()
#25 /home/tk-lpt-0530/Documents/Laravel_Projects/RevisitLaravel/vendor/laravel/framework/src/Illuminate/Routing/Router.php(786): Illuminate\\Routing\\Router->runRouteWithinStack()
#26 /home/tk-lpt-0530/Documents/Laravel_Projects/RevisitLaravel/vendor/laravel/framework/src/Illuminate/Routing/Router.php(750): Illuminate\\Routing\\Router->runRoute()
#27 /home/tk-lpt-0530/Documents/Laravel_Projects/RevisitLaravel/vendor/laravel/framework/src/Illuminate/Routing/Router.php(739): Illuminate\\Routing\\Router->dispatchToRoute()
#28 /home/tk-lpt-0530/Documents/Laravel_Projects/RevisitLaravel/vendor/laravel/framework/src/Illuminate/Foundation/Http/Kernel.php(201): Illuminate\\Routing\\Router->dispatch()
#29 /home/tk-lpt-0530/Documents/Laravel_Projects/RevisitLaravel/vendor/laravel/framework/src/Illuminate/Pipeline/Pipeline.php(144): Illuminate\\Foundation\\Http\\Kernel->Illuminate\\Foundation\\Http\\{closure}()
#30 /home/tk-lpt-0530/Documents/Laravel_Projects/RevisitLaravel/vendor/laravel/framework/src/Illuminate/Foundation/Http/Middleware/TransformsRequest.php(21): Illuminate\\Pipeline\\Pipeline->Illuminate\\Pipeline\\{closure}()
#31 /home/tk-lpt-0530/Documents/Laravel_Projects/RevisitLaravel/vendor/laravel/framework/src/Illuminate/Foundation/Http/Middleware/ConvertEmptyStringsToNull.php(31): Illuminate\\Foundation\\Http\\Middleware\\TransformsRequest->handle()
#32 /home/tk-lpt-0530/Documents/Laravel_Projects/RevisitLaravel/vendor/laravel/framework/src/Illuminate/Pipeline/Pipeline.php(183): Illuminate\\Foundation\\Http\\Middleware\\ConvertEmptyStringsToNull->handle()
#33 /home/tk-lpt-0530/Documents/Laravel_Projects/RevisitLaravel/vendor/laravel/framework/src/Illuminate/Foundation/Http/Middleware/TransformsRequest.php(21): Illuminate\\Pipeline\\Pipeline->Illuminate\\Pipeline\\{closure}()
#34 /home/tk-lpt-0530/Documents/Laravel_Projects/RevisitLaravel/vendor/laravel/framework/src/Illuminate/Foundation/Http/Middleware/TrimStrings.php(51): Illuminate\\Foundation\\Http\\Middleware\\TransformsRequest->handle()
#35 /home/tk-lpt-0530/Documents/Laravel_Projects/RevisitLaravel/vendor/laravel/framework/src/Illuminate/Pipeline/Pipeline.php(183): Illuminate\\Foundation\\Http\\Middleware\\TrimStrings->handle()
#36 /home/tk-lpt-0530/Documents/Laravel_Projects/RevisitLaravel/vendor/laravel/framework/src/Illuminate/Http/Middleware/ValidatePostSize.php(27): Illuminate\\Pipeline\\Pipeline->Illuminate\\Pipeline\\{closure}()
#37 /home/tk-lpt-0530/Documents/Laravel_Projects/RevisitLaravel/vendor/laravel/framework/src/Illuminate/Pipeline/Pipeline.php(183): Illuminate\\Http\\Middleware\\ValidatePostSize->handle()
#38 /home/tk-lpt-0530/Documents/Laravel_Projects/RevisitLaravel/vendor/laravel/framework/src/Illuminate/Foundation/Http/Middleware/PreventRequestsDuringMaintenance.php(110): Illuminate\\Pipeline\\Pipeline->Illuminate\\Pipeline\\{closure}()
#39 /home/tk-lpt-0530/Documents/Laravel_Projects/RevisitLaravel/vendor/laravel/framework/src/Illuminate/Pipeline/Pipeline.php(183): Illuminate\\Foundation\\Http\\Middleware\\PreventRequestsDuringMaintenance->handle()
#40 /home/tk-lpt-0530/Documents/Laravel_Projects/RevisitLaravel/vendor/laravel/framework/src/Illuminate/Http/Middleware/HandleCors.php(62): Illuminate\\Pipeline\\Pipeline->Illuminate\\Pipeline\\{closure}()
#41 /home/tk-lpt-0530/Documents/Laravel_Projects/RevisitLaravel/vendor/laravel/framework/src/Illuminate/Pipeline/Pipeline.php(183): Illuminate\\Http\\Middleware\\HandleCors->handle()
#42 /home/tk-lpt-0530/Documents/Laravel_Projects/RevisitLaravel/vendor/laravel/framework/src/Illuminate/Http/Middleware/TrustProxies.php(57): Illuminate\\Pipeline\\Pipeline->Illuminate\\Pipeline\\{closure}()
#43 /home/tk-lpt-0530/Documents/Laravel_Projects/RevisitLaravel/vendor/laravel/framework/src/Illuminate/Pipeline/Pipeline.php(183): Illuminate\\Http\\Middleware\\TrustProxies->handle()
#44 /home/tk-lpt-0530/Documents/Laravel_Projects/RevisitLaravel/vendor/laravel/framework/src/Illuminate/Pipeline/Pipeline.php(119): Illuminate\\Pipeline\\Pipeline->Illuminate\\Pipeline\\{closure}()
#45 /home/tk-lpt-0530/Documents/Laravel_Projects/RevisitLaravel/vendor/laravel/framework/src/Illuminate/Foundation/Http/Kernel.php(176): Illuminate\\Pipeline\\Pipeline->then()
#46 /home/tk-lpt-0530/Documents/Laravel_Projects/RevisitLaravel/vendor/laravel/framework/src/Illuminate/Foundation/Http/Kernel.php(145): Illuminate\\Foundation\\Http\\Kernel->sendRequestThroughRouter()
#47 /home/tk-lpt-0530/Documents/Laravel_Projects/RevisitLaravel/vendor/laravel/framework/src/Illuminate/Foundation/Application.php(1188): Illuminate\\Foundation\\Http\\Kernel->handle()
#48 /home/tk-lpt-0530/Documents/Laravel_Projects/RevisitLaravel/public/index.php(17): Illuminate\\Foundation\\Application->handleRequest()
#49 /home/tk-lpt-0530/Documents/Laravel_Projects/RevisitLaravel/vendor/laravel/framework/src/Illuminate/Foundation/resources/server.php(23): require_once('...')
#50 {main}
"} 
[2024-10-14 12:24:49] local.INFO: getimagesize(Product/324/uploads/): Failed to open stream: No such file or directory {"exception":"#0 /home/tk-lpt-0530/Documents/Laravel_Projects/RevisitLaravel/vendor/laravel/framework/src/Illuminate/Foundation/Bootstrap/HandleExceptions.php(256): Illuminate\\Foundation\\Bootstrap\\HandleExceptions->handleError()
#1 [internal function]: Illuminate\\Foundation\\Bootstrap\\HandleExceptions->Illuminate\\Foundation\\Bootstrap\\{closure}()
#2 /home/tk-lpt-0530/Documents/Laravel_Projects/RevisitLaravel/app/Repositories/ImageRepository.php(148): getimagesize()
#3 /home/tk-lpt-0530/Documents/Laravel_Projects/RevisitLaravel/app/Repositories/ImageRepository.php(139): App\\Repositories\\ImageRepository->compressAndSave()
#4 /home/tk-lpt-0530/Documents/Laravel_Projects/RevisitLaravel/app/Repositories/ImageRepository.php(102): App\\Repositories\\ImageRepository->moveMultiResolutionImages()
#5 /home/tk-lpt-0530/Documents/Laravel_Projects/RevisitLaravel/app/Repositories/ImageRepository.php(59): App\\Repositories\\ImageRepository->saveMultiResolutionImages()
#6 /home/tk-lpt-0530/Documents/Laravel_Projects/RevisitLaravel/app/Http/Controllers/ProductController.php(161): App\\Repositories\\ImageRepository->storeImages()
#7 /home/tk-lpt-0530/Documents/Laravel_Projects/RevisitLaravel/vendor/laravel/framework/src/Illuminate/Routing/ControllerDispatcher.php(46): App\\Http\\Controllers\\ProductController->store()
#8 /home/tk-lpt-0530/Documents/Laravel_Projects/RevisitLaravel/vendor/laravel/framework/src/Illuminate/Routing/Route.php(260): Illuminate\\Routing\\ControllerDispatcher->dispatch()
#9 /home/tk-lpt-0530/Documents/Laravel_Projects/RevisitLaravel/vendor/laravel/framework/src/Illuminate/Routing/Route.php(206): Illuminate\\Routing\\Route->runController()
#10 /home/tk-lpt-0530/Documents/Laravel_Projects/RevisitLaravel/vendor/laravel/framework/src/Illuminate/Routing/Router.php(808): Illuminate\\Routing\\Route->run()
#11 /home/tk-lpt-0530/Documents/Laravel_Projects/RevisitLaravel/vendor/laravel/framework/src/Illuminate/Pipeline/Pipeline.php(144): Illuminate\\Routing\\Router->Illuminate\\Routing\\{closure}()
#12 /home/tk-lpt-0530/Documents/Laravel_Projects/RevisitLaravel/vendor/laravel/framework/src/Illuminate/Routing/Middleware/SubstituteBindings.php(51): Illuminate\\Pipeline\\Pipeline->Illuminate\\Pipeline\\{closure}()
#13 /home/tk-lpt-0530/Documents/Laravel_Projects/RevisitLaravel/vendor/laravel/framework/src/Illuminate/Pipeline/Pipeline.php(183): Illuminate\\Routing\\Middleware\\SubstituteBindings->handle()
#14 /home/tk-lpt-0530/Documents/Laravel_Projects/RevisitLaravel/vendor/laravel/framework/src/Illuminate/Auth/Middleware/Authenticate.php(64): Illuminate\\Pipeline\\Pipeline->Illuminate\\Pipeline\\{closure}()
#15 /home/tk-lpt-0530/Documents/Laravel_Projects/RevisitLaravel/vendor/laravel/framework/src/Illuminate/Pipeline/Pipeline.php(183): Illuminate\\Auth\\Middleware\\Authenticate->handle()
#16 /home/tk-lpt-0530/Documents/Laravel_Projects/RevisitLaravel/vendor/laravel/framework/src/Illuminate/Pipeline/Pipeline.php(119): Illuminate\\Pipeline\\Pipeline->Illuminate\\Pipeline\\{closure}()
#17 /home/tk-lpt-0530/Documents/Laravel_Projects/RevisitLaravel/vendor/laravel/framework/src/Illuminate/Routing/Router.php(807): Illuminate\\Pipeline\\Pipeline->then()
#18 /home/tk-lpt-0530/Documents/Laravel_Projects/RevisitLaravel/vendor/laravel/framework/src/Illuminate/Routing/Router.php(786): Illuminate\\Routing\\Router->runRouteWithinStack()
#19 /home/tk-lpt-0530/Documents/Laravel_Projects/RevisitLaravel/vendor/laravel/framework/src/Illuminate/Routing/Router.php(750): Illuminate\\Routing\\Router->runRoute()
#20 /home/tk-lpt-0530/Documents/Laravel_Projects/RevisitLaravel/vendor/laravel/framework/src/Illuminate/Routing/Router.php(739): Illuminate\\Routing\\Router->dispatchToRoute()
#21 /home/tk-lpt-0530/Documents/Laravel_Projects/RevisitLaravel/vendor/laravel/framework/src/Illuminate/Foundation/Http/Kernel.php(201): Illuminate\\Routing\\Router->dispatch()
#22 /home/tk-lpt-0530/Documents/Laravel_Projects/RevisitLaravel/vendor/laravel/framework/src/Illuminate/Pipeline/Pipeline.php(144): Illuminate\\Foundation\\Http\\Kernel->Illuminate\\Foundation\\Http\\{closure}()
#23 /home/tk-lpt-0530/Documents/Laravel_Projects/RevisitLaravel/vendor/laravel/framework/src/Illuminate/Foundation/Http/Middleware/TransformsRequest.php(21): Illuminate\\Pipeline\\Pipeline->Illuminate\\Pipeline\\{closure}()
#24 /home/tk-lpt-0530/Documents/Laravel_Projects/RevisitLaravel/vendor/laravel/framework/src/Illuminate/Foundation/Http/Middleware/ConvertEmptyStringsToNull.php(31): Illuminate\\Foundation\\Http\\Middleware\\TransformsRequest->handle()
#25 /home/tk-lpt-0530/Documents/Laravel_Projects/RevisitLaravel/vendor/laravel/framework/src/Illuminate/Pipeline/Pipeline.php(183): Illuminate\\Foundation\\Http\\Middleware\\ConvertEmptyStringsToNull->handle()
#26 /home/tk-lpt-0530/Documents/Laravel_Projects/RevisitLaravel/vendor/laravel/framework/src/Illuminate/Foundation/Http/Middleware/TransformsRequest.php(21): Illuminate\\Pipeline\\Pipeline->Illuminate\\Pipeline\\{closure}()
#27 /home/tk-lpt-0530/Documents/Laravel_Projects/RevisitLaravel/vendor/laravel/framework/src/Illuminate/Foundation/Http/Middleware/TrimStrings.php(51): Illuminate\\Foundation\\Http\\Middleware\\TransformsRequest->handle()
#28 /home/tk-lpt-0530/Documents/Laravel_Projects/RevisitLaravel/vendor/laravel/framework/src/Illuminate/Pipeline/Pipeline.php(183): Illuminate\\Foundation\\Http\\Middleware\\TrimStrings->handle()
#29 /home/tk-lpt-0530/Documents/Laravel_Projects/RevisitLaravel/vendor/laravel/framework/src/Illuminate/Http/Middleware/ValidatePostSize.php(27): Illuminate\\Pipeline\\Pipeline->Illuminate\\Pipeline\\{closure}()
#30 /home/tk-lpt-0530/Documents/Laravel_Projects/RevisitLaravel/vendor/laravel/framework/src/Illuminate/Pipeline/Pipeline.php(183): Illuminate\\Http\\Middleware\\ValidatePostSize->handle()
#31 /home/tk-lpt-0530/Documents/Laravel_Projects/RevisitLaravel/vendor/laravel/framework/src/Illuminate/Foundation/Http/Middleware/PreventRequestsDuringMaintenance.php(110): Illuminate\\Pipeline\\Pipeline->Illuminate\\Pipeline\\{closure}()
#32 /home/tk-lpt-0530/Documents/Laravel_Projects/RevisitLaravel/vendor/laravel/framework/src/Illuminate/Pipeline/Pipeline.php(183): Illuminate\\Foundation\\Http\\Middleware\\PreventRequestsDuringMaintenance->handle()
#33 /home/tk-lpt-0530/Documents/Laravel_Projects/RevisitLaravel/vendor/laravel/framework/src/Illuminate/Http/Middleware/HandleCors.php(62): Illuminate\\Pipeline\\Pipeline->Illuminate\\Pipeline\\{closure}()
#34 /home/tk-lpt-0530/Documents/Laravel_Projects/RevisitLaravel/vendor/laravel/framework/src/Illuminate/Pipeline/Pipeline.php(183): Illuminate\\Http\\Middleware\\HandleCors->handle()
#35 /home/tk-lpt-0530/Documents/Laravel_Projects/RevisitLaravel/vendor/laravel/framework/src/Illuminate/Http/Middleware/TrustProxies.php(57): Illuminate\\Pipeline\\Pipeline->Illuminate\\Pipeline\\{closure}()
#36 /home/tk-lpt-0530/Documents/Laravel_Projects/RevisitLaravel/vendor/laravel/framework/src/Illuminate/Pipeline/Pipeline.php(183): Illuminate\\Http\\Middleware\\TrustProxies->handle()
#37 /home/tk-lpt-0530/Documents/Laravel_Projects/RevisitLaravel/vendor/laravel/framework/src/Illuminate/Pipeline/Pipeline.php(119): Illuminate\\Pipeline\\Pipeline->Illuminate\\Pipeline\\{closure}()
#38 /home/tk-lpt-0530/Documents/Laravel_Projects/RevisitLaravel/vendor/laravel/framework/src/Illuminate/Foundation/Http/Kernel.php(176): Illuminate\\Pipeline\\Pipeline->then()
#39 /home/tk-lpt-0530/Documents/Laravel_Projects/RevisitLaravel/vendor/laravel/framework/src/Illuminate/Foundation/Http/Kernel.php(145): Illuminate\\Foundation\\Http\\Kernel->sendRequestThroughRouter()
#40 /home/tk-lpt-0530/Documents/Laravel_Projects/RevisitLaravel/vendor/laravel/framework/src/Illuminate/Foundation/Application.php(1188): Illuminate\\Foundation\\Http\\Kernel->handle()
#41 /home/tk-lpt-0530/Documents/Laravel_Projects/RevisitLaravel/public/index.php(17): Illuminate\\Foundation\\Application->handleRequest()
#42 /home/tk-lpt-0530/Documents/Laravel_Projects/RevisitLaravel/vendor/laravel/framework/src/Illuminate/Foundation/resources/server.php(23): require_once('...')
#43 {main}","message":"Error is in compressAndSave method in ImageRepository"} 
[2024-10-14 12:24:49] local.INFO: getimagesize(Product/324/uploads/): Failed to open stream: No such file or directory {"exception":"#0 /home/tk-lpt-0530/Documents/Laravel_Projects/RevisitLaravel/vendor/laravel/framework/src/Illuminate/Foundation/Bootstrap/HandleExceptions.php(256): Illuminate\\Foundation\\Bootstrap\\HandleExceptions->handleError()
#1 [internal function]: Illuminate\\Foundation\\Bootstrap\\HandleExceptions->Illuminate\\Foundation\\Bootstrap\\{closure}()
#2 /home/tk-lpt-0530/Documents/Laravel_Projects/RevisitLaravel/app/Repositories/ImageRepository.php(148): getimagesize()
#3 /home/tk-lpt-0530/Documents/Laravel_Projects/RevisitLaravel/app/Repositories/ImageRepository.php(139): App\\Repositories\\ImageRepository->compressAndSave()
#4 /home/tk-lpt-0530/Documents/Laravel_Projects/RevisitLaravel/app/Repositories/ImageRepository.php(102): App\\Repositories\\ImageRepository->moveMultiResolutionImages()
#5 /home/tk-lpt-0530/Documents/Laravel_Projects/RevisitLaravel/app/Repositories/ImageRepository.php(59): App\\Repositories\\ImageRepository->saveMultiResolutionImages()
#6 /home/tk-lpt-0530/Documents/Laravel_Projects/RevisitLaravel/app/Http/Controllers/ProductController.php(161): App\\Repositories\\ImageRepository->storeImages()
#7 /home/tk-lpt-0530/Documents/Laravel_Projects/RevisitLaravel/vendor/laravel/framework/src/Illuminate/Routing/ControllerDispatcher.php(46): App\\Http\\Controllers\\ProductController->store()
#8 /home/tk-lpt-0530/Documents/Laravel_Projects/RevisitLaravel/vendor/laravel/framework/src/Illuminate/Routing/Route.php(260): Illuminate\\Routing\\ControllerDispatcher->dispatch()
#9 /home/tk-lpt-0530/Documents/Laravel_Projects/RevisitLaravel/vendor/laravel/framework/src/Illuminate/Routing/Route.php(206): Illuminate\\Routing\\Route->runController()
#10 /home/tk-lpt-0530/Documents/Laravel_Projects/RevisitLaravel/vendor/laravel/framework/src/Illuminate/Routing/Router.php(808): Illuminate\\Routing\\Route->run()
#11 /home/tk-lpt-0530/Documents/Laravel_Projects/RevisitLaravel/vendor/laravel/framework/src/Illuminate/Pipeline/Pipeline.php(144): Illuminate\\Routing\\Router->Illuminate\\Routing\\{closure}()
#12 /home/tk-lpt-0530/Documents/Laravel_Projects/RevisitLaravel/vendor/laravel/framework/src/Illuminate/Routing/Middleware/SubstituteBindings.php(51): Illuminate\\Pipeline\\Pipeline->Illuminate\\Pipeline\\{closure}()
#13 /home/tk-lpt-0530/Documents/Laravel_Projects/RevisitLaravel/vendor/laravel/framework/src/Illuminate/Pipeline/Pipeline.php(183): Illuminate\\Routing\\Middleware\\SubstituteBindings->handle()
#14 /home/tk-lpt-0530/Documents/Laravel_Projects/RevisitLaravel/vendor/laravel/framework/src/Illuminate/Auth/Middleware/Authenticate.php(64): Illuminate\\Pipeline\\Pipeline->Illuminate\\Pipeline\\{closure}()
#15 /home/tk-lpt-0530/Documents/Laravel_Projects/RevisitLaravel/vendor/laravel/framework/src/Illuminate/Pipeline/Pipeline.php(183): Illuminate\\Auth\\Middleware\\Authenticate->handle()
#16 /home/tk-lpt-0530/Documents/Laravel_Projects/RevisitLaravel/vendor/laravel/framework/src/Illuminate/Pipeline/Pipeline.php(119): Illuminate\\Pipeline\\Pipeline->Illuminate\\Pipeline\\{closure}()
#17 /home/tk-lpt-0530/Documents/Laravel_Projects/RevisitLaravel/vendor/laravel/framework/src/Illuminate/Routing/Router.php(807): Illuminate\\Pipeline\\Pipeline->then()
#18 /home/tk-lpt-0530/Documents/Laravel_Projects/RevisitLaravel/vendor/laravel/framework/src/Illuminate/Routing/Router.php(786): Illuminate\\Routing\\Router->runRouteWithinStack()
#19 /home/tk-lpt-0530/Documents/Laravel_Projects/RevisitLaravel/vendor/laravel/framework/src/Illuminate/Routing/Router.php(750): Illuminate\\Routing\\Router->runRoute()
#20 /home/tk-lpt-0530/Documents/Laravel_Projects/RevisitLaravel/vendor/laravel/framework/src/Illuminate/Routing/Router.php(739): Illuminate\\Routing\\Router->dispatchToRoute()
#21 /home/tk-lpt-0530/Documents/Laravel_Projects/RevisitLaravel/vendor/laravel/framework/src/Illuminate/Foundation/Http/Kernel.php(201): Illuminate\\Routing\\Router->dispatch()
#22 /home/tk-lpt-0530/Documents/Laravel_Projects/RevisitLaravel/vendor/laravel/framework/src/Illuminate/Pipeline/Pipeline.php(144): Illuminate\\Foundation\\Http\\Kernel->Illuminate\\Foundation\\Http\\{closure}()
#23 /home/tk-lpt-0530/Documents/Laravel_Projects/RevisitLaravel/vendor/laravel/framework/src/Illuminate/Foundation/Http/Middleware/TransformsRequest.php(21): Illuminate\\Pipeline\\Pipeline->Illuminate\\Pipeline\\{closure}()
#24 /home/tk-lpt-0530/Documents/Laravel_Projects/RevisitLaravel/vendor/laravel/framework/src/Illuminate/Foundation/Http/Middleware/ConvertEmptyStringsToNull.php(31): Illuminate\\Foundation\\Http\\Middleware\\TransformsRequest->handle()
#25 /home/tk-lpt-0530/Documents/Laravel_Projects/RevisitLaravel/vendor/laravel/framework/src/Illuminate/Pipeline/Pipeline.php(183): Illuminate\\Foundation\\Http\\Middleware\\ConvertEmptyStringsToNull->handle()
#26 /home/tk-lpt-0530/Documents/Laravel_Projects/RevisitLaravel/vendor/laravel/framework/src/Illuminate/Foundation/Http/Middleware/TransformsRequest.php(21): Illuminate\\Pipeline\\Pipeline->Illuminate\\Pipeline\\{closure}()
#27 /home/tk-lpt-0530/Documents/Laravel_Projects/RevisitLaravel/vendor/laravel/framework/src/Illuminate/Foundation/Http/Middleware/TrimStrings.php(51): Illuminate\\Foundation\\Http\\Middleware\\TransformsRequest->handle()
#28 /home/tk-lpt-0530/Documents/Laravel_Projects/RevisitLaravel/vendor/laravel/framework/src/Illuminate/Pipeline/Pipeline.php(183): Illuminate\\Foundation\\Http\\Middleware\\TrimStrings->handle()
#29 /home/tk-lpt-0530/Documents/Laravel_Projects/RevisitLaravel/vendor/laravel/framework/src/Illuminate/Http/Middleware/ValidatePostSize.php(27): Illuminate\\Pipeline\\Pipeline->Illuminate\\Pipeline\\{closure}()
#30 /home/tk-lpt-0530/Documents/Laravel_Projects/RevisitLaravel/vendor/laravel/framework/src/Illuminate/Pipeline/Pipeline.php(183): Illuminate\\Http\\Middleware\\ValidatePostSize->handle()
#31 /home/tk-lpt-0530/Documents/Laravel_Projects/RevisitLaravel/vendor/laravel/framework/src/Illuminate/Foundation/Http/Middleware/PreventRequestsDuringMaintenance.php(110): Illuminate\\Pipeline\\Pipeline->Illuminate\\Pipeline\\{closure}()
#32 /home/tk-lpt-0530/Documents/Laravel_Projects/RevisitLaravel/vendor/laravel/framework/src/Illuminate/Pipeline/Pipeline.php(183): Illuminate\\Foundation\\Http\\Middleware\\PreventRequestsDuringMaintenance->handle()
#33 /home/tk-lpt-0530/Documents/Laravel_Projects/RevisitLaravel/vendor/laravel/framework/src/Illuminate/Http/Middleware/HandleCors.php(62): Illuminate\\Pipeline\\Pipeline->Illuminate\\Pipeline\\{closure}()
#34 /home/tk-lpt-0530/Documents/Laravel_Projects/RevisitLaravel/vendor/laravel/framework/src/Illuminate/Pipeline/Pipeline.php(183): Illuminate\\Http\\Middleware\\HandleCors->handle()
#35 /home/tk-lpt-0530/Documents/Laravel_Projects/RevisitLaravel/vendor/laravel/framework/src/Illuminate/Http/Middleware/TrustProxies.php(57): Illuminate\\Pipeline\\Pipeline->Illuminate\\Pipeline\\{closure}()
#36 /home/tk-lpt-0530/Documents/Laravel_Projects/RevisitLaravel/vendor/laravel/framework/src/Illuminate/Pipeline/Pipeline.php(183): Illuminate\\Http\\Middleware\\TrustProxies->handle()
#37 /home/tk-lpt-0530/Documents/Laravel_Projects/RevisitLaravel/vendor/laravel/framework/src/Illuminate/Pipeline/Pipeline.php(119): Illuminate\\Pipeline\\Pipeline->Illuminate\\Pipeline\\{closure}()
#38 /home/tk-lpt-0530/Documents/Laravel_Projects/RevisitLaravel/vendor/laravel/framework/src/Illuminate/Foundation/Http/Kernel.php(176): Illuminate\\Pipeline\\Pipeline->then()
#39 /home/tk-lpt-0530/Documents/Laravel_Projects/RevisitLaravel/vendor/laravel/framework/src/Illuminate/Foundation/Http/Kernel.php(145): Illuminate\\Foundation\\Http\\Kernel->sendRequestThroughRouter()
#40 /home/tk-lpt-0530/Documents/Laravel_Projects/RevisitLaravel/vendor/laravel/framework/src/Illuminate/Foundation/Application.php(1188): Illuminate\\Foundation\\Http\\Kernel->handle()
#41 /home/tk-lpt-0530/Documents/Laravel_Projects/RevisitLaravel/public/index.php(17): Illuminate\\Foundation\\Application->handleRequest()
#42 /home/tk-lpt-0530/Documents/Laravel_Projects/RevisitLaravel/vendor/laravel/framework/src/Illuminate/Foundation/resources/server.php(23): require_once('...')
#43 {main}","message":"Error is in moveMultiResolutionImages method in ImageRepository"} 
[2024-10-14 12:24:49] local.INFO: getimagesize(Product/324/uploads/): Failed to open stream: No such file or directory {"exception":"#0 /home/tk-lpt-0530/Documents/Laravel_Projects/RevisitLaravel/vendor/laravel/framework/src/Illuminate/Foundation/Bootstrap/HandleExceptions.php(256): Illuminate\\Foundation\\Bootstrap\\HandleExceptions->handleError()
#1 [internal function]: Illuminate\\Foundation\\Bootstrap\\HandleExceptions->Illuminate\\Foundation\\Bootstrap\\{closure}()
#2 /home/tk-lpt-0530/Documents/Laravel_Projects/RevisitLaravel/app/Repositories/ImageRepository.php(148): getimagesize()
#3 /home/tk-lpt-0530/Documents/Laravel_Projects/RevisitLaravel/app/Repositories/ImageRepository.php(139): App\\Repositories\\ImageRepository->compressAndSave()
#4 /home/tk-lpt-0530/Documents/Laravel_Projects/RevisitLaravel/app/Repositories/ImageRepository.php(102): App\\Repositories\\ImageRepository->moveMultiResolutionImages()
#5 /home/tk-lpt-0530/Documents/Laravel_Projects/RevisitLaravel/app/Repositories/ImageRepository.php(59): App\\Repositories\\ImageRepository->saveMultiResolutionImages()
#6 /home/tk-lpt-0530/Documents/Laravel_Projects/RevisitLaravel/app/Http/Controllers/ProductController.php(161): App\\Repositories\\ImageRepository->storeImages()
#7 /home/tk-lpt-0530/Documents/Laravel_Projects/RevisitLaravel/vendor/laravel/framework/src/Illuminate/Routing/ControllerDispatcher.php(46): App\\Http\\Controllers\\ProductController->store()
#8 /home/tk-lpt-0530/Documents/Laravel_Projects/RevisitLaravel/vendor/laravel/framework/src/Illuminate/Routing/Route.php(260): Illuminate\\Routing\\ControllerDispatcher->dispatch()
#9 /home/tk-lpt-0530/Documents/Laravel_Projects/RevisitLaravel/vendor/laravel/framework/src/Illuminate/Routing/Route.php(206): Illuminate\\Routing\\Route->runController()
#10 /home/tk-lpt-0530/Documents/Laravel_Projects/RevisitLaravel/vendor/laravel/framework/src/Illuminate/Routing/Router.php(808): Illuminate\\Routing\\Route->run()
#11 /home/tk-lpt-0530/Documents/Laravel_Projects/RevisitLaravel/vendor/laravel/framework/src/Illuminate/Pipeline/Pipeline.php(144): Illuminate\\Routing\\Router->Illuminate\\Routing\\{closure}()
#12 /home/tk-lpt-0530/Documents/Laravel_Projects/RevisitLaravel/vendor/laravel/framework/src/Illuminate/Routing/Middleware/SubstituteBindings.php(51): Illuminate\\Pipeline\\Pipeline->Illuminate\\Pipeline\\{closure}()
#13 /home/tk-lpt-0530/Documents/Laravel_Projects/RevisitLaravel/vendor/laravel/framework/src/Illuminate/Pipeline/Pipeline.php(183): Illuminate\\Routing\\Middleware\\SubstituteBindings->handle()
#14 /home/tk-lpt-0530/Documents/Laravel_Projects/RevisitLaravel/vendor/laravel/framework/src/Illuminate/Auth/Middleware/Authenticate.php(64): Illuminate\\Pipeline\\Pipeline->Illuminate\\Pipeline\\{closure}()
#15 /home/tk-lpt-0530/Documents/Laravel_Projects/RevisitLaravel/vendor/laravel/framework/src/Illuminate/Pipeline/Pipeline.php(183): Illuminate\\Auth\\Middleware\\Authenticate->handle()
#16 /home/tk-lpt-0530/Documents/Laravel_Projects/RevisitLaravel/vendor/laravel/framework/src/Illuminate/Pipeline/Pipeline.php(119): Illuminate\\Pipeline\\Pipeline->Illuminate\\Pipeline\\{closure}()
#17 /home/tk-lpt-0530/Documents/Laravel_Projects/RevisitLaravel/vendor/laravel/framework/src/Illuminate/Routing/Router.php(807): Illuminate\\Pipeline\\Pipeline->then()
#18 /home/tk-lpt-0530/Documents/Laravel_Projects/RevisitLaravel/vendor/laravel/framework/src/Illuminate/Routing/Router.php(786): Illuminate\\Routing\\Router->runRouteWithinStack()
#19 /home/tk-lpt-0530/Documents/Laravel_Projects/RevisitLaravel/vendor/laravel/framework/src/Illuminate/Routing/Router.php(750): Illuminate\\Routing\\Router->runRoute()
#20 /home/tk-lpt-0530/Documents/Laravel_Projects/RevisitLaravel/vendor/laravel/framework/src/Illuminate/Routing/Router.php(739): Illuminate\\Routing\\Router->dispatchToRoute()
#21 /home/tk-lpt-0530/Documents/Laravel_Projects/RevisitLaravel/vendor/laravel/framework/src/Illuminate/Foundation/Http/Kernel.php(201): Illuminate\\Routing\\Router->dispatch()
#22 /home/tk-lpt-0530/Documents/Laravel_Projects/RevisitLaravel/vendor/laravel/framework/src/Illuminate/Pipeline/Pipeline.php(144): Illuminate\\Foundation\\Http\\Kernel->Illuminate\\Foundation\\Http\\{closure}()
#23 /home/tk-lpt-0530/Documents/Laravel_Projects/RevisitLaravel/vendor/laravel/framework/src/Illuminate/Foundation/Http/Middleware/TransformsRequest.php(21): Illuminate\\Pipeline\\Pipeline->Illuminate\\Pipeline\\{closure}()
#24 /home/tk-lpt-0530/Documents/Laravel_Projects/RevisitLaravel/vendor/laravel/framework/src/Illuminate/Foundation/Http/Middleware/ConvertEmptyStringsToNull.php(31): Illuminate\\Foundation\\Http\\Middleware\\TransformsRequest->handle()
#25 /home/tk-lpt-0530/Documents/Laravel_Projects/RevisitLaravel/vendor/laravel/framework/src/Illuminate/Pipeline/Pipeline.php(183): Illuminate\\Foundation\\Http\\Middleware\\ConvertEmptyStringsToNull->handle()
#26 /home/tk-lpt-0530/Documents/Laravel_Projects/RevisitLaravel/vendor/laravel/framework/src/Illuminate/Foundation/Http/Middleware/TransformsRequest.php(21): Illuminate\\Pipeline\\Pipeline->Illuminate\\Pipeline\\{closure}()
#27 /home/tk-lpt-0530/Documents/Laravel_Projects/RevisitLaravel/vendor/laravel/framework/src/Illuminate/Foundation/Http/Middleware/TrimStrings.php(51): Illuminate\\Foundation\\Http\\Middleware\\TransformsRequest->handle()
#28 /home/tk-lpt-0530/Documents/Laravel_Projects/RevisitLaravel/vendor/laravel/framework/src/Illuminate/Pipeline/Pipeline.php(183): Illuminate\\Foundation\\Http\\Middleware\\TrimStrings->handle()
#29 /home/tk-lpt-0530/Documents/Laravel_Projects/RevisitLaravel/vendor/laravel/framework/src/Illuminate/Http/Middleware/ValidatePostSize.php(27): Illuminate\\Pipeline\\Pipeline->Illuminate\\Pipeline\\{closure}()
#30 /home/tk-lpt-0530/Documents/Laravel_Projects/RevisitLaravel/vendor/laravel/framework/src/Illuminate/Pipeline/Pipeline.php(183): Illuminate\\Http\\Middleware\\ValidatePostSize->handle()
#31 /home/tk-lpt-0530/Documents/Laravel_Projects/RevisitLaravel/vendor/laravel/framework/src/Illuminate/Foundation/Http/Middleware/PreventRequestsDuringMaintenance.php(110): Illuminate\\Pipeline\\Pipeline->Illuminate\\Pipeline\\{closure}()
#32 /home/tk-lpt-0530/Documents/Laravel_Projects/RevisitLaravel/vendor/laravel/framework/src/Illuminate/Pipeline/Pipeline.php(183): Illuminate\\Foundation\\Http\\Middleware\\PreventRequestsDuringMaintenance->handle()
#33 /home/tk-lpt-0530/Documents/Laravel_Projects/RevisitLaravel/vendor/laravel/framework/src/Illuminate/Http/Middleware/HandleCors.php(62): Illuminate\\Pipeline\\Pipeline->Illuminate\\Pipeline\\{closure}()
#34 /home/tk-lpt-0530/Documents/Laravel_Projects/RevisitLaravel/vendor/laravel/framework/src/Illuminate/Pipeline/Pipeline.php(183): Illuminate\\Http\\Middleware\\HandleCors->handle()
#35 /home/tk-lpt-0530/Documents/Laravel_Projects/RevisitLaravel/vendor/laravel/framework/src/Illuminate/Http/Middleware/TrustProxies.php(57): Illuminate\\Pipeline\\Pipeline->Illuminate\\Pipeline\\{closure}()
#36 /home/tk-lpt-0530/Documents/Laravel_Projects/RevisitLaravel/vendor/laravel/framework/src/Illuminate/Pipeline/Pipeline.php(183): Illuminate\\Http\\Middleware\\TrustProxies->handle()
#37 /home/tk-lpt-0530/Documents/Laravel_Projects/RevisitLaravel/vendor/laravel/framework/src/Illuminate/Pipeline/Pipeline.php(119): Illuminate\\Pipeline\\Pipeline->Illuminate\\Pipeline\\{closure}()
#38 /home/tk-lpt-0530/Documents/Laravel_Projects/RevisitLaravel/vendor/laravel/framework/src/Illuminate/Foundation/Http/Kernel.php(176): Illuminate\\Pipeline\\Pipeline->then()
#39 /home/tk-lpt-0530/Documents/Laravel_Projects/RevisitLaravel/vendor/laravel/framework/src/Illuminate/Foundation/Http/Kernel.php(145): Illuminate\\Foundation\\Http\\Kernel->sendRequestThroughRouter()
#40 /home/tk-lpt-0530/Documents/Laravel_Projects/RevisitLaravel/vendor/laravel/framework/src/Illuminate/Foundation/Application.php(1188): Illuminate\\Foundation\\Http\\Kernel->handle()
#41 /home/tk-lpt-0530/Documents/Laravel_Projects/RevisitLaravel/public/index.php(17): Illuminate\\Foundation\\Application->handleRequest()
#42 /home/tk-lpt-0530/Documents/Laravel_Projects/RevisitLaravel/vendor/laravel/framework/src/Illuminate/Foundation/resources/server.php(23): require_once('...')
#43 {main}","message":"Error is in saveMultiResolutionImages method in ImageRepository"} 
[2024-10-14 12:24:49] local.INFO: getimagesize(Product/324/uploads/): Failed to open stream: No such file or directory {"exception":"#0 /home/tk-lpt-0530/Documents/Laravel_Projects/RevisitLaravel/vendor/laravel/framework/src/Illuminate/Foundation/Bootstrap/HandleExceptions.php(256): Illuminate\\Foundation\\Bootstrap\\HandleExceptions->handleError()
#1 [internal function]: Illuminate\\Foundation\\Bootstrap\\HandleExceptions->Illuminate\\Foundation\\Bootstrap\\{closure}()
#2 /home/tk-lpt-0530/Documents/Laravel_Projects/RevisitLaravel/app/Repositories/ImageRepository.php(148): getimagesize()
#3 /home/tk-lpt-0530/Documents/Laravel_Projects/RevisitLaravel/app/Repositories/ImageRepository.php(139): App\\Repositories\\ImageRepository->compressAndSave()
#4 /home/tk-lpt-0530/Documents/Laravel_Projects/RevisitLaravel/app/Repositories/ImageRepository.php(102): App\\Repositories\\ImageRepository->moveMultiResolutionImages()
#5 /home/tk-lpt-0530/Documents/Laravel_Projects/RevisitLaravel/app/Repositories/ImageRepository.php(59): App\\Repositories\\ImageRepository->saveMultiResolutionImages()
#6 /home/tk-lpt-0530/Documents/Laravel_Projects/RevisitLaravel/app/Http/Controllers/ProductController.php(161): App\\Repositories\\ImageRepository->storeImages()
#7 /home/tk-lpt-0530/Documents/Laravel_Projects/RevisitLaravel/vendor/laravel/framework/src/Illuminate/Routing/ControllerDispatcher.php(46): App\\Http\\Controllers\\ProductController->store()
#8 /home/tk-lpt-0530/Documents/Laravel_Projects/RevisitLaravel/vendor/laravel/framework/src/Illuminate/Routing/Route.php(260): Illuminate\\Routing\\ControllerDispatcher->dispatch()
#9 /home/tk-lpt-0530/Documents/Laravel_Projects/RevisitLaravel/vendor/laravel/framework/src/Illuminate/Routing/Route.php(206): Illuminate\\Routing\\Route->runController()
#10 /home/tk-lpt-0530/Documents/Laravel_Projects/RevisitLaravel/vendor/laravel/framework/src/Illuminate/Routing/Router.php(808): Illuminate\\Routing\\Route->run()
#11 /home/tk-lpt-0530/Documents/Laravel_Projects/RevisitLaravel/vendor/laravel/framework/src/Illuminate/Pipeline/Pipeline.php(144): Illuminate\\Routing\\Router->Illuminate\\Routing\\{closure}()
#12 /home/tk-lpt-0530/Documents/Laravel_Projects/RevisitLaravel/vendor/laravel/framework/src/Illuminate/Routing/Middleware/SubstituteBindings.php(51): Illuminate\\Pipeline\\Pipeline->Illuminate\\Pipeline\\{closure}()
#13 /home/tk-lpt-0530/Documents/Laravel_Projects/RevisitLaravel/vendor/laravel/framework/src/Illuminate/Pipeline/Pipeline.php(183): Illuminate\\Routing\\Middleware\\SubstituteBindings->handle()
#14 /home/tk-lpt-0530/Documents/Laravel_Projects/RevisitLaravel/vendor/laravel/framework/src/Illuminate/Auth/Middleware/Authenticate.php(64): Illuminate\\Pipeline\\Pipeline->Illuminate\\Pipeline\\{closure}()
#15 /home/tk-lpt-0530/Documents/Laravel_Projects/RevisitLaravel/vendor/laravel/framework/src/Illuminate/Pipeline/Pipeline.php(183): Illuminate\\Auth\\Middleware\\Authenticate->handle()
#16 /home/tk-lpt-0530/Documents/Laravel_Projects/RevisitLaravel/vendor/laravel/framework/src/Illuminate/Pipeline/Pipeline.php(119): Illuminate\\Pipeline\\Pipeline->Illuminate\\Pipeline\\{closure}()
#17 /home/tk-lpt-0530/Documents/Laravel_Projects/RevisitLaravel/vendor/laravel/framework/src/Illuminate/Routing/Router.php(807): Illuminate\\Pipeline\\Pipeline->then()
#18 /home/tk-lpt-0530/Documents/Laravel_Projects/RevisitLaravel/vendor/laravel/framework/src/Illuminate/Routing/Router.php(786): Illuminate\\Routing\\Router->runRouteWithinStack()
#19 /home/tk-lpt-0530/Documents/Laravel_Projects/RevisitLaravel/vendor/laravel/framework/src/Illuminate/Routing/Router.php(750): Illuminate\\Routing\\Router->runRoute()
#20 /home/tk-lpt-0530/Documents/Laravel_Projects/RevisitLaravel/vendor/laravel/framework/src/Illuminate/Routing/Router.php(739): Illuminate\\Routing\\Router->dispatchToRoute()
#21 /home/tk-lpt-0530/Documents/Laravel_Projects/RevisitLaravel/vendor/laravel/framework/src/Illuminate/Foundation/Http/Kernel.php(201): Illuminate\\Routing\\Router->dispatch()
#22 /home/tk-lpt-0530/Documents/Laravel_Projects/RevisitLaravel/vendor/laravel/framework/src/Illuminate/Pipeline/Pipeline.php(144): Illuminate\\Foundation\\Http\\Kernel->Illuminate\\Foundation\\Http\\{closure}()
#23 /home/tk-lpt-0530/Documents/Laravel_Projects/RevisitLaravel/vendor/laravel/framework/src/Illuminate/Foundation/Http/Middleware/TransformsRequest.php(21): Illuminate\\Pipeline\\Pipeline->Illuminate\\Pipeline\\{closure}()
#24 /home/tk-lpt-0530/Documents/Laravel_Projects/RevisitLaravel/vendor/laravel/framework/src/Illuminate/Foundation/Http/Middleware/ConvertEmptyStringsToNull.php(31): Illuminate\\Foundation\\Http\\Middleware\\TransformsRequest->handle()
#25 /home/tk-lpt-0530/Documents/Laravel_Projects/RevisitLaravel/vendor/laravel/framework/src/Illuminate/Pipeline/Pipeline.php(183): Illuminate\\Foundation\\Http\\Middleware\\ConvertEmptyStringsToNull->handle()
#26 /home/tk-lpt-0530/Documents/Laravel_Projects/RevisitLaravel/vendor/laravel/framework/src/Illuminate/Foundation/Http/Middleware/TransformsRequest.php(21): Illuminate\\Pipeline\\Pipeline->Illuminate\\Pipeline\\{closure}()
#27 /home/tk-lpt-0530/Documents/Laravel_Projects/RevisitLaravel/vendor/laravel/framework/src/Illuminate/Foundation/Http/Middleware/TrimStrings.php(51): Illuminate\\Foundation\\Http\\Middleware\\TransformsRequest->handle()
#28 /home/tk-lpt-0530/Documents/Laravel_Projects/RevisitLaravel/vendor/laravel/framework/src/Illuminate/Pipeline/Pipeline.php(183): Illuminate\\Foundation\\Http\\Middleware\\TrimStrings->handle()
#29 /home/tk-lpt-0530/Documents/Laravel_Projects/RevisitLaravel/vendor/laravel/framework/src/Illuminate/Http/Middleware/ValidatePostSize.php(27): Illuminate\\Pipeline\\Pipeline->Illuminate\\Pipeline\\{closure}()
#30 /home/tk-lpt-0530/Documents/Laravel_Projects/RevisitLaravel/vendor/laravel/framework/src/Illuminate/Pipeline/Pipeline.php(183): Illuminate\\Http\\Middleware\\ValidatePostSize->handle()
#31 /home/tk-lpt-0530/Documents/Laravel_Projects/RevisitLaravel/vendor/laravel/framework/src/Illuminate/Foundation/Http/Middleware/PreventRequestsDuringMaintenance.php(110): Illuminate\\Pipeline\\Pipeline->Illuminate\\Pipeline\\{closure}()
#32 /home/tk-lpt-0530/Documents/Laravel_Projects/RevisitLaravel/vendor/laravel/framework/src/Illuminate/Pipeline/Pipeline.php(183): Illuminate\\Foundation\\Http\\Middleware\\PreventRequestsDuringMaintenance->handle()
#33 /home/tk-lpt-0530/Documents/Laravel_Projects/RevisitLaravel/vendor/laravel/framework/src/Illuminate/Http/Middleware/HandleCors.php(62): Illuminate\\Pipeline\\Pipeline->Illuminate\\Pipeline\\{closure}()
#34 /home/tk-lpt-0530/Documents/Laravel_Projects/RevisitLaravel/vendor/laravel/framework/src/Illuminate/Pipeline/Pipeline.php(183): Illuminate\\Http\\Middleware\\HandleCors->handle()
#35 /home/tk-lpt-0530/Documents/Laravel_Projects/RevisitLaravel/vendor/laravel/framework/src/Illuminate/Http/Middleware/TrustProxies.php(57): Illuminate\\Pipeline\\Pipeline->Illuminate\\Pipeline\\{closure}()
#36 /home/tk-lpt-0530/Documents/Laravel_Projects/RevisitLaravel/vendor/laravel/framework/src/Illuminate/Pipeline/Pipeline.php(183): Illuminate\\Http\\Middleware\\TrustProxies->handle()
#37 /home/tk-lpt-0530/Documents/Laravel_Projects/RevisitLaravel/vendor/laravel/framework/src/Illuminate/Pipeline/Pipeline.php(119): Illuminate\\Pipeline\\Pipeline->Illuminate\\Pipeline\\{closure}()
#38 /home/tk-lpt-0530/Documents/Laravel_Projects/RevisitLaravel/vendor/laravel/framework/src/Illuminate/Foundation/Http/Kernel.php(176): Illuminate\\Pipeline\\Pipeline->then()
#39 /home/tk-lpt-0530/Documents/Laravel_Projects/RevisitLaravel/vendor/laravel/framework/src/Illuminate/Foundation/Http/Kernel.php(145): Illuminate\\Foundation\\Http\\Kernel->sendRequestThroughRouter()
#40 /home/tk-lpt-0530/Documents/Laravel_Projects/RevisitLaravel/vendor/laravel/framework/src/Illuminate/Foundation/Application.php(1188): Illuminate\\Foundation\\Http\\Kernel->handle()
#41 /home/tk-lpt-0530/Documents/Laravel_Projects/RevisitLaravel/public/index.php(17): Illuminate\\Foundation\\Application->handleRequest()
#42 /home/tk-lpt-0530/Documents/Laravel_Projects/RevisitLaravel/vendor/laravel/framework/src/Illuminate/Foundation/resources/server.php(23): require_once('...')
#43 {main}","message":"Error is in storeImages method in ImageRepository"} 
[2024-10-15 06:22:08] local.ERROR: Cannot use positional argument after named argument {"exception":"[object] (Symfony\\Component\\ErrorHandler\\Error\\FatalError(code: 0): Cannot use positional argument after named argument at /home/tk-lpt-0530/Documents/Laravel_Projects/RevisitLaravel/routes/console.php:6)
[stacktrace]
#0 {main}
"} 
[2024-10-15 06:22:08] local.ERROR: Cannot use positional argument after named argument {"exception":"[object] (Symfony\\Component\\ErrorHandler\\Error\\FatalError(code: 0): Cannot use positional argument after named argument at /home/tk-lpt-0530/Documents/Laravel_Projects/RevisitLaravel/routes/console.php:6)
[stacktrace]
#0 {main}
"} 
[2024-10-15 06:22:27] local.ERROR: Cannot use positional argument after named argument {"exception":"[object] (Symfony\\Component\\ErrorHandler\\Error\\FatalError(code: 0): Cannot use positional argument after named argument at /home/tk-lpt-0530/Documents/Laravel_Projects/RevisitLaravel/routes/console.php:6)
[stacktrace]
#0 {main}
"} 
[2024-10-15 06:22:27] local.ERROR: Cannot use positional argument after named argument {"exception":"[object] (Symfony\\Component\\ErrorHandler\\Error\\FatalError(code: 0): Cannot use positional argument after named argument at /home/tk-lpt-0530/Documents/Laravel_Projects/RevisitLaravel/routes/console.php:6)
[stacktrace]
#0 {main}
"} 
[2024-10-15 06:23:27] local.ERROR: Cannot use positional argument after named argument {"exception":"[object] (Symfony\\Component\\ErrorHandler\\Error\\FatalError(code: 0): Cannot use positional argument after named argument at /home/tk-lpt-0530/Documents/Laravel_Projects/RevisitLaravel/routes/console.php:6)
[stacktrace]
#0 {main}
"} 
[2024-10-15 06:23:27] local.ERROR: Cannot use positional argument after named argument {"exception":"[object] (Symfony\\Component\\ErrorHandler\\Error\\FatalError(code: 0): Cannot use positional argument after named argument at /home/tk-lpt-0530/Documents/Laravel_Projects/RevisitLaravel/routes/console.php:6)
[stacktrace]
#0 {main}
"} 
[2024-10-15 06:24:27] local.ERROR: Cannot use positional argument after named argument {"exception":"[object] (Symfony\\Component\\ErrorHandler\\Error\\FatalError(code: 0): Cannot use positional argument after named argument at /home/tk-lpt-0530/Documents/Laravel_Projects/RevisitLaravel/routes/console.php:6)
[stacktrace]
#0 {main}
"} 
[2024-10-15 06:24:27] local.ERROR: Cannot use positional argument after named argument {"exception":"[object] (Symfony\\Component\\ErrorHandler\\Error\\FatalError(code: 0): Cannot use positional argument after named argument at /home/tk-lpt-0530/Documents/Laravel_Projects/RevisitLaravel/routes/console.php:6)
[stacktrace]
#0 {main}
"} 
[2024-10-15 06:25:27] local.ERROR: Cannot use positional argument after named argument {"exception":"[object] (Symfony\\Component\\ErrorHandler\\Error\\FatalError(code: 0): Cannot use positional argument after named argument at /home/tk-lpt-0530/Documents/Laravel_Projects/RevisitLaravel/routes/console.php:6)
[stacktrace]
#0 {main}
"} 
[2024-10-15 06:25:27] local.ERROR: Cannot use positional argument after named argument {"exception":"[object] (Symfony\\Component\\ErrorHandler\\Error\\FatalError(code: 0): Cannot use positional argument after named argument at /home/tk-lpt-0530/Documents/Laravel_Projects/RevisitLaravel/routes/console.php:6)
[stacktrace]
#0 {main}
"} 
[2024-10-15 06:26:27] local.ERROR: Cannot use positional argument after named argument {"exception":"[object] (Symfony\\Component\\ErrorHandler\\Error\\FatalError(code: 0): Cannot use positional argument after named argument at /home/tk-lpt-0530/Documents/Laravel_Projects/RevisitLaravel/routes/console.php:6)
[stacktrace]
#0 {main}
"} 
[2024-10-15 06:26:27] local.ERROR: Cannot use positional argument after named argument {"exception":"[object] (Symfony\\Component\\ErrorHandler\\Error\\FatalError(code: 0): Cannot use positional argument after named argument at /home/tk-lpt-0530/Documents/Laravel_Projects/RevisitLaravel/routes/console.php:6)
[stacktrace]
#0 {main}
"} 
[2024-10-15 06:27:27] local.ERROR: Cannot use positional argument after named argument {"exception":"[object] (Symfony\\Component\\ErrorHandler\\Error\\FatalError(code: 0): Cannot use positional argument after named argument at /home/tk-lpt-0530/Documents/Laravel_Projects/RevisitLaravel/routes/console.php:6)
[stacktrace]
#0 {main}
"} 
[2024-10-15 06:27:27] local.ERROR: Cannot use positional argument after named argument {"exception":"[object] (Symfony\\Component\\ErrorHandler\\Error\\FatalError(code: 0): Cannot use positional argument after named argument at /home/tk-lpt-0530/Documents/Laravel_Projects/RevisitLaravel/routes/console.php:6)
[stacktrace]
#0 {main}
"} 
[2024-10-15 06:27:27] local.ERROR: Cannot use positional argument after named argument {"exception":"[object] (Symfony\\Component\\ErrorHandler\\Error\\FatalError(code: 0): Cannot use positional argument after named argument at /home/tk-lpt-0530/Documents/Laravel_Projects/RevisitLaravel/routes/console.php:6)
[stacktrace]
#0 {main}
"} 
[2024-10-15 06:27:27] local.ERROR: Cannot use positional argument after named argument {"exception":"[object] (Symfony\\Component\\ErrorHandler\\Error\\FatalError(code: 0): Cannot use positional argument after named argument at /home/tk-lpt-0530/Documents/Laravel_Projects/RevisitLaravel/routes/console.php:6)
[stacktrace]
#0 {main}
"} 
[2024-10-15 06:28:27] local.ERROR: Cannot use positional argument after named argument {"exception":"[object] (Symfony\\Component\\ErrorHandler\\Error\\FatalError(code: 0): Cannot use positional argument after named argument at /home/tk-lpt-0530/Documents/Laravel_Projects/RevisitLaravel/routes/console.php:6)
[stacktrace]
#0 {main}
"} 
[2024-10-15 06:28:27] local.ERROR: Cannot use positional argument after named argument {"exception":"[object] (Symfony\\Component\\ErrorHandler\\Error\\FatalError(code: 0): Cannot use positional argument after named argument at /home/tk-lpt-0530/Documents/Laravel_Projects/RevisitLaravel/routes/console.php:6)
[stacktrace]
#0 {main}
"} 
[2024-10-15 06:29:27] local.ERROR: Cannot use positional argument after named argument {"exception":"[object] (Symfony\\Component\\ErrorHandler\\Error\\FatalError(code: 0): Cannot use positional argument after named argument at /home/tk-lpt-0530/Documents/Laravel_Projects/RevisitLaravel/routes/console.php:6)
[stacktrace]
#0 {main}
"} 
[2024-10-15 06:29:27] local.ERROR: Cannot use positional argument after named argument {"exception":"[object] (Symfony\\Component\\ErrorHandler\\Error\\FatalError(code: 0): Cannot use positional argument after named argument at /home/tk-lpt-0530/Documents/Laravel_Projects/RevisitLaravel/routes/console.php:6)
[stacktrace]
#0 {main}
"} 
[2024-10-15 06:30:27] local.ERROR: Cannot use positional argument after named argument {"exception":"[object] (Symfony\\Component\\ErrorHandler\\Error\\FatalError(code: 0): Cannot use positional argument after named argument at /home/tk-lpt-0530/Documents/Laravel_Projects/RevisitLaravel/routes/console.php:6)
[stacktrace]
#0 {main}
"} 
[2024-10-15 06:30:27] local.ERROR: Cannot use positional argument after named argument {"exception":"[object] (Symfony\\Component\\ErrorHandler\\Error\\FatalError(code: 0): Cannot use positional argument after named argument at /home/tk-lpt-0530/Documents/Laravel_Projects/RevisitLaravel/routes/console.php:6)
[stacktrace]
#0 {main}
"} 
[2024-10-15 06:31:27] local.ERROR: Cannot use positional argument after named argument {"exception":"[object] (Symfony\\Component\\ErrorHandler\\Error\\FatalError(code: 0): Cannot use positional argument after named argument at /home/tk-lpt-0530/Documents/Laravel_Projects/RevisitLaravel/routes/console.php:6)
[stacktrace]
#0 {main}
"} 
[2024-10-15 06:31:27] local.ERROR: Cannot use positional argument after named argument {"exception":"[object] (Symfony\\Component\\ErrorHandler\\Error\\FatalError(code: 0): Cannot use positional argument after named argument at /home/tk-lpt-0530/Documents/Laravel_Projects/RevisitLaravel/routes/console.php:6)
[stacktrace]
#0 {main}
"} 
[2024-10-15 06:32:27] local.ERROR: Cannot use positional argument after named argument {"exception":"[object] (Symfony\\Component\\ErrorHandler\\Error\\FatalError(code: 0): Cannot use positional argument after named argument at /home/tk-lpt-0530/Documents/Laravel_Projects/RevisitLaravel/routes/console.php:6)
[stacktrace]
#0 {main}
"} 
[2024-10-15 06:32:27] local.ERROR: Cannot use positional argument after named argument {"exception":"[object] (Symfony\\Component\\ErrorHandler\\Error\\FatalError(code: 0): Cannot use positional argument after named argument at /home/tk-lpt-0530/Documents/Laravel_Projects/RevisitLaravel/routes/console.php:6)
[stacktrace]
#0 {main}
"} 
[2024-10-15 06:33:27] local.ERROR: Cannot use positional argument after named argument {"exception":"[object] (Symfony\\Component\\ErrorHandler\\Error\\FatalError(code: 0): Cannot use positional argument after named argument at /home/tk-lpt-0530/Documents/Laravel_Projects/RevisitLaravel/routes/console.php:6)
[stacktrace]
#0 {main}
"} 
[2024-10-15 06:33:27] local.ERROR: Cannot use positional argument after named argument {"exception":"[object] (Symfony\\Component\\ErrorHandler\\Error\\FatalError(code: 0): Cannot use positional argument after named argument at /home/tk-lpt-0530/Documents/Laravel_Projects/RevisitLaravel/routes/console.php:6)
[stacktrace]
#0 {main}
"} 
[2024-10-15 06:34:27] local.ERROR: Cannot use positional argument after named argument {"exception":"[object] (Symfony\\Component\\ErrorHandler\\Error\\FatalError(code: 0): Cannot use positional argument after named argument at /home/tk-lpt-0530/Documents/Laravel_Projects/RevisitLaravel/routes/console.php:6)
[stacktrace]
#0 {main}
"} 
[2024-10-15 06:34:27] local.ERROR: Cannot use positional argument after named argument {"exception":"[object] (Symfony\\Component\\ErrorHandler\\Error\\FatalError(code: 0): Cannot use positional argument after named argument at /home/tk-lpt-0530/Documents/Laravel_Projects/RevisitLaravel/routes/console.php:6)
[stacktrace]
#0 {main}
"} 
[2024-10-15 06:35:27] local.ERROR: Cannot use positional argument after named argument {"exception":"[object] (Symfony\\Component\\ErrorHandler\\Error\\FatalError(code: 0): Cannot use positional argument after named argument at /home/tk-lpt-0530/Documents/Laravel_Projects/RevisitLaravel/routes/console.php:6)
[stacktrace]
#0 {main}
"} 
[2024-10-15 06:35:27] local.ERROR: Cannot use positional argument after named argument {"exception":"[object] (Symfony\\Component\\ErrorHandler\\Error\\FatalError(code: 0): Cannot use positional argument after named argument at /home/tk-lpt-0530/Documents/Laravel_Projects/RevisitLaravel/routes/console.php:6)
[stacktrace]
#0 {main}
"} 
[2024-10-15 06:36:27] local.ERROR: Cannot use positional argument after named argument {"exception":"[object] (Symfony\\Component\\ErrorHandler\\Error\\FatalError(code: 0): Cannot use positional argument after named argument at /home/tk-lpt-0530/Documents/Laravel_Projects/RevisitLaravel/routes/console.php:6)
[stacktrace]
#0 {main}
"} 
[2024-10-15 06:36:27] local.ERROR: Cannot use positional argument after named argument {"exception":"[object] (Symfony\\Component\\ErrorHandler\\Error\\FatalError(code: 0): Cannot use positional argument after named argument at /home/tk-lpt-0530/Documents/Laravel_Projects/RevisitLaravel/routes/console.php:6)
[stacktrace]
#0 {main}
"} 
[2024-10-15 06:37:27] local.ERROR: Cannot use positional argument after named argument {"exception":"[object] (Symfony\\Component\\ErrorHandler\\Error\\FatalError(code: 0): Cannot use positional argument after named argument at /home/tk-lpt-0530/Documents/Laravel_Projects/RevisitLaravel/routes/console.php:6)
[stacktrace]
#0 {main}
"} 
[2024-10-15 06:37:27] local.ERROR: Cannot use positional argument after named argument {"exception":"[object] (Symfony\\Component\\ErrorHandler\\Error\\FatalError(code: 0): Cannot use positional argument after named argument at /home/tk-lpt-0530/Documents/Laravel_Projects/RevisitLaravel/routes/console.php:6)
[stacktrace]
#0 {main}
"} 
[2024-10-15 06:37:27] local.ERROR: Cannot use positional argument after named argument {"exception":"[object] (Symfony\\Component\\ErrorHandler\\Error\\FatalError(code: 0): Cannot use positional argument after named argument at /home/tk-lpt-0530/Documents/Laravel_Projects/RevisitLaravel/routes/console.php:6)
[stacktrace]
#0 {main}
"} 
[2024-10-15 06:37:27] local.ERROR: Cannot use positional argument after named argument {"exception":"[object] (Symfony\\Component\\ErrorHandler\\Error\\FatalError(code: 0): Cannot use positional argument after named argument at /home/tk-lpt-0530/Documents/Laravel_Projects/RevisitLaravel/routes/console.php:6)
[stacktrace]
#0 {main}
"} 
[2024-10-15 06:38:27] local.ERROR: Cannot use positional argument after named argument {"exception":"[object] (Symfony\\Component\\ErrorHandler\\Error\\FatalError(code: 0): Cannot use positional argument after named argument at /home/tk-lpt-0530/Documents/Laravel_Projects/RevisitLaravel/routes/console.php:6)
[stacktrace]
#0 {main}
"} 
[2024-10-15 06:38:27] local.ERROR: Cannot use positional argument after named argument {"exception":"[object] (Symfony\\Component\\ErrorHandler\\Error\\FatalError(code: 0): Cannot use positional argument after named argument at /home/tk-lpt-0530/Documents/Laravel_Projects/RevisitLaravel/routes/console.php:6)
[stacktrace]
#0 {main}
"} 
[2024-10-15 06:39:27] local.ERROR: Cannot use positional argument after named argument {"exception":"[object] (Symfony\\Component\\ErrorHandler\\Error\\FatalError(code: 0): Cannot use positional argument after named argument at /home/tk-lpt-0530/Documents/Laravel_Projects/RevisitLaravel/routes/console.php:6)
[stacktrace]
#0 {main}
"} 
[2024-10-15 06:39:27] local.ERROR: Cannot use positional argument after named argument {"exception":"[object] (Symfony\\Component\\ErrorHandler\\Error\\FatalError(code: 0): Cannot use positional argument after named argument at /home/tk-lpt-0530/Documents/Laravel_Projects/RevisitLaravel/routes/console.php:6)
[stacktrace]
#0 {main}
"} 
[2024-10-15 06:40:27] local.ERROR: Cannot use positional argument after named argument {"exception":"[object] (Symfony\\Component\\ErrorHandler\\Error\\FatalError(code: 0): Cannot use positional argument after named argument at /home/tk-lpt-0530/Documents/Laravel_Projects/RevisitLaravel/routes/console.php:6)
[stacktrace]
#0 {main}
"} 
[2024-10-15 06:40:27] local.ERROR: Cannot use positional argument after named argument {"exception":"[object] (Symfony\\Component\\ErrorHandler\\Error\\FatalError(code: 0): Cannot use positional argument after named argument at /home/tk-lpt-0530/Documents/Laravel_Projects/RevisitLaravel/routes/console.php:6)
[stacktrace]
#0 {main}
"} 
[2024-10-15 06:41:27] local.ERROR: Cannot use positional argument after named argument {"exception":"[object] (Symfony\\Component\\ErrorHandler\\Error\\FatalError(code: 0): Cannot use positional argument after named argument at /home/tk-lpt-0530/Documents/Laravel_Projects/RevisitLaravel/routes/console.php:6)
[stacktrace]
#0 {main}
"} 
[2024-10-15 06:41:27] local.ERROR: Cannot use positional argument after named argument {"exception":"[object] (Symfony\\Component\\ErrorHandler\\Error\\FatalError(code: 0): Cannot use positional argument after named argument at /home/tk-lpt-0530/Documents/Laravel_Projects/RevisitLaravel/routes/console.php:6)
[stacktrace]
#0 {main}
"} 
[2024-10-15 06:42:27] local.ERROR: Cannot use positional argument after named argument {"exception":"[object] (Symfony\\Component\\ErrorHandler\\Error\\FatalError(code: 0): Cannot use positional argument after named argument at /home/tk-lpt-0530/Documents/Laravel_Projects/RevisitLaravel/routes/console.php:6)
[stacktrace]
#0 {main}
"} 
[2024-10-15 06:42:27] local.ERROR: Cannot use positional argument after named argument {"exception":"[object] (Symfony\\Component\\ErrorHandler\\Error\\FatalError(code: 0): Cannot use positional argument after named argument at /home/tk-lpt-0530/Documents/Laravel_Projects/RevisitLaravel/routes/console.php:6)
[stacktrace]
#0 {main}
"} 
[2024-10-15 06:43:27] local.ERROR: Cannot use positional argument after named argument {"exception":"[object] (Symfony\\Component\\ErrorHandler\\Error\\FatalError(code: 0): Cannot use positional argument after named argument at /home/tk-lpt-0530/Documents/Laravel_Projects/RevisitLaravel/routes/console.php:6)
[stacktrace]
#0 {main}
"} 
[2024-10-15 06:43:27] local.ERROR: Cannot use positional argument after named argument {"exception":"[object] (Symfony\\Component\\ErrorHandler\\Error\\FatalError(code: 0): Cannot use positional argument after named argument at /home/tk-lpt-0530/Documents/Laravel_Projects/RevisitLaravel/routes/console.php:6)
[stacktrace]
#0 {main}
"} 
[2024-10-15 06:44:27] local.ERROR: Cannot use positional argument after named argument {"exception":"[object] (Symfony\\Component\\ErrorHandler\\Error\\FatalError(code: 0): Cannot use positional argument after named argument at /home/tk-lpt-0530/Documents/Laravel_Projects/RevisitLaravel/routes/console.php:6)
[stacktrace]
#0 {main}
"} 
[2024-10-15 06:44:27] local.ERROR: Cannot use positional argument after named argument {"exception":"[object] (Symfony\\Component\\ErrorHandler\\Error\\FatalError(code: 0): Cannot use positional argument after named argument at /home/tk-lpt-0530/Documents/Laravel_Projects/RevisitLaravel/routes/console.php:6)
[stacktrace]
#0 {main}
"} 
[2024-10-15 06:45:27] local.ERROR: Cannot use positional argument after named argument {"exception":"[object] (Symfony\\Component\\ErrorHandler\\Error\\FatalError(code: 0): Cannot use positional argument after named argument at /home/tk-lpt-0530/Documents/Laravel_Projects/RevisitLaravel/routes/console.php:6)
[stacktrace]
#0 {main}
"} 
[2024-10-15 06:45:27] local.ERROR: Cannot use positional argument after named argument {"exception":"[object] (Symfony\\Component\\ErrorHandler\\Error\\FatalError(code: 0): Cannot use positional argument after named argument at /home/tk-lpt-0530/Documents/Laravel_Projects/RevisitLaravel/routes/console.php:6)
[stacktrace]
#0 {main}
"} 
[2024-10-15 06:46:27] local.ERROR: Cannot use positional argument after named argument {"exception":"[object] (Symfony\\Component\\ErrorHandler\\Error\\FatalError(code: 0): Cannot use positional argument after named argument at /home/tk-lpt-0530/Documents/Laravel_Projects/RevisitLaravel/routes/console.php:6)
[stacktrace]
#0 {main}
"} 
[2024-10-15 06:46:27] local.ERROR: Cannot use positional argument after named argument {"exception":"[object] (Symfony\\Component\\ErrorHandler\\Error\\FatalError(code: 0): Cannot use positional argument after named argument at /home/tk-lpt-0530/Documents/Laravel_Projects/RevisitLaravel/routes/console.php:6)
[stacktrace]
#0 {main}
"} 
[2024-10-15 06:47:27] local.ERROR: Cannot use positional argument after named argument {"exception":"[object] (Symfony\\Component\\ErrorHandler\\Error\\FatalError(code: 0): Cannot use positional argument after named argument at /home/tk-lpt-0530/Documents/Laravel_Projects/RevisitLaravel/routes/console.php:6)
[stacktrace]
#0 {main}
"} 
[2024-10-15 06:47:27] local.ERROR: Cannot use positional argument after named argument {"exception":"[object] (Symfony\\Component\\ErrorHandler\\Error\\FatalError(code: 0): Cannot use positional argument after named argument at /home/tk-lpt-0530/Documents/Laravel_Projects/RevisitLaravel/routes/console.php:6)
[stacktrace]
#0 {main}
"} 
[2024-10-15 06:47:27] local.ERROR: Cannot use positional argument after named argument {"exception":"[object] (Symfony\\Component\\ErrorHandler\\Error\\FatalError(code: 0): Cannot use positional argument after named argument at /home/tk-lpt-0530/Documents/Laravel_Projects/RevisitLaravel/routes/console.php:6)
[stacktrace]
#0 {main}
"} 
[2024-10-15 06:47:27] local.ERROR: Cannot use positional argument after named argument {"exception":"[object] (Symfony\\Component\\ErrorHandler\\Error\\FatalError(code: 0): Cannot use positional argument after named argument at /home/tk-lpt-0530/Documents/Laravel_Projects/RevisitLaravel/routes/console.php:6)
[stacktrace]
#0 {main}
"} 
[2024-10-15 06:48:27] local.ERROR: Cannot use positional argument after named argument {"exception":"[object] (Symfony\\Component\\ErrorHandler\\Error\\FatalError(code: 0): Cannot use positional argument after named argument at /home/tk-lpt-0530/Documents/Laravel_Projects/RevisitLaravel/routes/console.php:6)
[stacktrace]
#0 {main}
"} 
[2024-10-15 06:48:27] local.ERROR: Cannot use positional argument after named argument {"exception":"[object] (Symfony\\Component\\ErrorHandler\\Error\\FatalError(code: 0): Cannot use positional argument after named argument at /home/tk-lpt-0530/Documents/Laravel_Projects/RevisitLaravel/routes/console.php:6)
[stacktrace]
#0 {main}
"} 
[2024-10-15 06:49:27] local.ERROR: Cannot use positional argument after named argument {"exception":"[object] (Symfony\\Component\\ErrorHandler\\Error\\FatalError(code: 0): Cannot use positional argument after named argument at /home/tk-lpt-0530/Documents/Laravel_Projects/RevisitLaravel/routes/console.php:6)
[stacktrace]
#0 {main}
"} 
[2024-10-15 06:49:27] local.ERROR: Cannot use positional argument after named argument {"exception":"[object] (Symfony\\Component\\ErrorHandler\\Error\\FatalError(code: 0): Cannot use positional argument after named argument at /home/tk-lpt-0530/Documents/Laravel_Projects/RevisitLaravel/routes/console.php:6)
[stacktrace]
#0 {main}
"} 
[2024-10-15 06:50:27] local.ERROR: Cannot use positional argument after named argument {"exception":"[object] (Symfony\\Component\\ErrorHandler\\Error\\FatalError(code: 0): Cannot use positional argument after named argument at /home/tk-lpt-0530/Documents/Laravel_Projects/RevisitLaravel/routes/console.php:6)
[stacktrace]
#0 {main}
"} 
[2024-10-15 06:50:27] local.ERROR: Cannot use positional argument after named argument {"exception":"[object] (Symfony\\Component\\ErrorHandler\\Error\\FatalError(code: 0): Cannot use positional argument after named argument at /home/tk-lpt-0530/Documents/Laravel_Projects/RevisitLaravel/routes/console.php:6)
[stacktrace]
#0 {main}
"} 
[2024-10-15 06:51:27] local.ERROR: Cannot use positional argument after named argument {"exception":"[object] (Symfony\\Component\\ErrorHandler\\Error\\FatalError(code: 0): Cannot use positional argument after named argument at /home/tk-lpt-0530/Documents/Laravel_Projects/RevisitLaravel/routes/console.php:6)
[stacktrace]
#0 {main}
"} 
[2024-10-15 06:51:27] local.ERROR: Cannot use positional argument after named argument {"exception":"[object] (Symfony\\Component\\ErrorHandler\\Error\\FatalError(code: 0): Cannot use positional argument after named argument at /home/tk-lpt-0530/Documents/Laravel_Projects/RevisitLaravel/routes/console.php:6)
[stacktrace]
#0 {main}
"} 
[2024-10-15 06:52:27] local.ERROR: Cannot use positional argument after named argument {"exception":"[object] (Symfony\\Component\\ErrorHandler\\Error\\FatalError(code: 0): Cannot use positional argument after named argument at /home/tk-lpt-0530/Documents/Laravel_Projects/RevisitLaravel/routes/console.php:6)
[stacktrace]
#0 {main}
"} 
[2024-10-15 06:52:27] local.ERROR: Cannot use positional argument after named argument {"exception":"[object] (Symfony\\Component\\ErrorHandler\\Error\\FatalError(code: 0): Cannot use positional argument after named argument at /home/tk-lpt-0530/Documents/Laravel_Projects/RevisitLaravel/routes/console.php:6)
[stacktrace]
#0 {main}
"} 
[2024-10-15 06:53:27] local.ERROR: Cannot use positional argument after named argument {"exception":"[object] (Symfony\\Component\\ErrorHandler\\Error\\FatalError(code: 0): Cannot use positional argument after named argument at /home/tk-lpt-0530/Documents/Laravel_Projects/RevisitLaravel/routes/console.php:6)
[stacktrace]
#0 {main}
"} 
[2024-10-15 06:53:27] local.ERROR: Cannot use positional argument after named argument {"exception":"[object] (Symfony\\Component\\ErrorHandler\\Error\\FatalError(code: 0): Cannot use positional argument after named argument at /home/tk-lpt-0530/Documents/Laravel_Projects/RevisitLaravel/routes/console.php:6)
[stacktrace]
#0 {main}
"} 
[2024-10-15 06:54:27] local.ERROR: Cannot use positional argument after named argument {"exception":"[object] (Symfony\\Component\\ErrorHandler\\Error\\FatalError(code: 0): Cannot use positional argument after named argument at /home/tk-lpt-0530/Documents/Laravel_Projects/RevisitLaravel/routes/console.php:6)
[stacktrace]
#0 {main}
"} 
[2024-10-15 06:54:27] local.ERROR: Cannot use positional argument after named argument {"exception":"[object] (Symfony\\Component\\ErrorHandler\\Error\\FatalError(code: 0): Cannot use positional argument after named argument at /home/tk-lpt-0530/Documents/Laravel_Projects/RevisitLaravel/routes/console.php:6)
[stacktrace]
#0 {main}
"} 
[2024-10-15 06:55:27] local.ERROR: Cannot use positional argument after named argument {"exception":"[object] (Symfony\\Component\\ErrorHandler\\Error\\FatalError(code: 0): Cannot use positional argument after named argument at /home/tk-lpt-0530/Documents/Laravel_Projects/RevisitLaravel/routes/console.php:6)
[stacktrace]
#0 {main}
"} 
[2024-10-15 06:55:27] local.ERROR: Cannot use positional argument after named argument {"exception":"[object] (Symfony\\Component\\ErrorHandler\\Error\\FatalError(code: 0): Cannot use positional argument after named argument at /home/tk-lpt-0530/Documents/Laravel_Projects/RevisitLaravel/routes/console.php:6)
[stacktrace]
#0 {main}
"} 
[2024-10-15 06:56:27] local.ERROR: Cannot use positional argument after named argument {"exception":"[object] (Symfony\\Component\\ErrorHandler\\Error\\FatalError(code: 0): Cannot use positional argument after named argument at /home/tk-lpt-0530/Documents/Laravel_Projects/RevisitLaravel/routes/console.php:6)
[stacktrace]
#0 {main}
"} 
[2024-10-15 06:56:27] local.ERROR: Cannot use positional argument after named argument {"exception":"[object] (Symfony\\Component\\ErrorHandler\\Error\\FatalError(code: 0): Cannot use positional argument after named argument at /home/tk-lpt-0530/Documents/Laravel_Projects/RevisitLaravel/routes/console.php:6)
[stacktrace]
#0 {main}
"} 
[2024-10-15 06:57:27] local.ERROR: Cannot use positional argument after named argument {"exception":"[object] (Symfony\\Component\\ErrorHandler\\Error\\FatalError(code: 0): Cannot use positional argument after named argument at /home/tk-lpt-0530/Documents/Laravel_Projects/RevisitLaravel/routes/console.php:6)
[stacktrace]
#0 {main}
"} 
[2024-10-15 06:57:27] local.ERROR: Cannot use positional argument after named argument {"exception":"[object] (Symfony\\Component\\ErrorHandler\\Error\\FatalError(code: 0): Cannot use positional argument after named argument at /home/tk-lpt-0530/Documents/Laravel_Projects/RevisitLaravel/routes/console.php:6)
[stacktrace]
#0 {main}
"} 
[2024-10-15 06:57:27] local.ERROR: Cannot use positional argument after named argument {"exception":"[object] (Symfony\\Component\\ErrorHandler\\Error\\FatalError(code: 0): Cannot use positional argument after named argument at /home/tk-lpt-0530/Documents/Laravel_Projects/RevisitLaravel/routes/console.php:6)
[stacktrace]
#0 {main}
"} 
[2024-10-15 06:57:27] local.ERROR: Cannot use positional argument after named argument {"exception":"[object] (Symfony\\Component\\ErrorHandler\\Error\\FatalError(code: 0): Cannot use positional argument after named argument at /home/tk-lpt-0530/Documents/Laravel_Projects/RevisitLaravel/routes/console.php:6)
[stacktrace]
#0 {main}
"} 
[2024-10-15 06:58:27] local.ERROR: Cannot use positional argument after named argument {"exception":"[object] (Symfony\\Component\\ErrorHandler\\Error\\FatalError(code: 0): Cannot use positional argument after named argument at /home/tk-lpt-0530/Documents/Laravel_Projects/RevisitLaravel/routes/console.php:6)
[stacktrace]
#0 {main}
"} 
[2024-10-15 06:58:27] local.ERROR: Cannot use positional argument after named argument {"exception":"[object] (Symfony\\Component\\ErrorHandler\\Error\\FatalError(code: 0): Cannot use positional argument after named argument at /home/tk-lpt-0530/Documents/Laravel_Projects/RevisitLaravel/routes/console.php:6)
[stacktrace]
#0 {main}
"} 
[2024-10-15 06:59:27] local.ERROR: Cannot use positional argument after named argument {"exception":"[object] (Symfony\\Component\\ErrorHandler\\Error\\FatalError(code: 0): Cannot use positional argument after named argument at /home/tk-lpt-0530/Documents/Laravel_Projects/RevisitLaravel/routes/console.php:6)
[stacktrace]
#0 {main}
"} 
[2024-10-15 06:59:27] local.ERROR: Cannot use positional argument after named argument {"exception":"[object] (Symfony\\Component\\ErrorHandler\\Error\\FatalError(code: 0): Cannot use positional argument after named argument at /home/tk-lpt-0530/Documents/Laravel_Projects/RevisitLaravel/routes/console.php:6)
[stacktrace]
#0 {main}
"} 
[2024-10-15 07:00:27] local.ERROR: Cannot use positional argument after named argument {"exception":"[object] (Symfony\\Component\\ErrorHandler\\Error\\FatalError(code: 0): Cannot use positional argument after named argument at /home/tk-lpt-0530/Documents/Laravel_Projects/RevisitLaravel/routes/console.php:6)
[stacktrace]
#0 {main}
"} 
[2024-10-15 07:00:27] local.ERROR: Cannot use positional argument after named argument {"exception":"[object] (Symfony\\Component\\ErrorHandler\\Error\\FatalError(code: 0): Cannot use positional argument after named argument at /home/tk-lpt-0530/Documents/Laravel_Projects/RevisitLaravel/routes/console.php:6)
[stacktrace]
#0 {main}
"} 
[2024-10-15 07:01:27] local.ERROR: Cannot use positional argument after named argument {"exception":"[object] (Symfony\\Component\\ErrorHandler\\Error\\FatalError(code: 0): Cannot use positional argument after named argument at /home/tk-lpt-0530/Documents/Laravel_Projects/RevisitLaravel/routes/console.php:6)
[stacktrace]
#0 {main}
"} 
[2024-10-15 07:01:27] local.ERROR: Cannot use positional argument after named argument {"exception":"[object] (Symfony\\Component\\ErrorHandler\\Error\\FatalError(code: 0): Cannot use positional argument after named argument at /home/tk-lpt-0530/Documents/Laravel_Projects/RevisitLaravel/routes/console.php:6)
[stacktrace]
#0 {main}
"} 
[2024-10-15 07:02:27] local.ERROR: Cannot use positional argument after named argument {"exception":"[object] (Symfony\\Component\\ErrorHandler\\Error\\FatalError(code: 0): Cannot use positional argument after named argument at /home/tk-lpt-0530/Documents/Laravel_Projects/RevisitLaravel/routes/console.php:6)
[stacktrace]
#0 {main}
"} 
[2024-10-15 07:02:27] local.ERROR: Cannot use positional argument after named argument {"exception":"[object] (Symfony\\Component\\ErrorHandler\\Error\\FatalError(code: 0): Cannot use positional argument after named argument at /home/tk-lpt-0530/Documents/Laravel_Projects/RevisitLaravel/routes/console.php:6)
[stacktrace]
#0 {main}
"} 
[2024-10-15 07:03:27] local.ERROR: Cannot use positional argument after named argument {"exception":"[object] (Symfony\\Component\\ErrorHandler\\Error\\FatalError(code: 0): Cannot use positional argument after named argument at /home/tk-lpt-0530/Documents/Laravel_Projects/RevisitLaravel/routes/console.php:6)
[stacktrace]
#0 {main}
"} 
[2024-10-15 07:03:27] local.ERROR: Cannot use positional argument after named argument {"exception":"[object] (Symfony\\Component\\ErrorHandler\\Error\\FatalError(code: 0): Cannot use positional argument after named argument at /home/tk-lpt-0530/Documents/Laravel_Projects/RevisitLaravel/routes/console.php:6)
[stacktrace]
#0 {main}
"} 
[2024-10-15 07:04:27] local.ERROR: Cannot use positional argument after named argument {"exception":"[object] (Symfony\\Component\\ErrorHandler\\Error\\FatalError(code: 0): Cannot use positional argument after named argument at /home/tk-lpt-0530/Documents/Laravel_Projects/RevisitLaravel/routes/console.php:6)
[stacktrace]
#0 {main}
"} 
[2024-10-15 07:04:27] local.ERROR: Cannot use positional argument after named argument {"exception":"[object] (Symfony\\Component\\ErrorHandler\\Error\\FatalError(code: 0): Cannot use positional argument after named argument at /home/tk-lpt-0530/Documents/Laravel_Projects/RevisitLaravel/routes/console.php:6)
[stacktrace]
#0 {main}
"} 
[2024-10-15 07:05:27] local.ERROR: Cannot use positional argument after named argument {"exception":"[object] (Symfony\\Component\\ErrorHandler\\Error\\FatalError(code: 0): Cannot use positional argument after named argument at /home/tk-lpt-0530/Documents/Laravel_Projects/RevisitLaravel/routes/console.php:6)
[stacktrace]
#0 {main}
"} 
[2024-10-15 07:05:27] local.ERROR: Cannot use positional argument after named argument {"exception":"[object] (Symfony\\Component\\ErrorHandler\\Error\\FatalError(code: 0): Cannot use positional argument after named argument at /home/tk-lpt-0530/Documents/Laravel_Projects/RevisitLaravel/routes/console.php:6)
[stacktrace]
#0 {main}
"} 
[2024-10-15 07:06:27] local.ERROR: Cannot use positional argument after named argument {"exception":"[object] (Symfony\\Component\\ErrorHandler\\Error\\FatalError(code: 0): Cannot use positional argument after named argument at /home/tk-lpt-0530/Documents/Laravel_Projects/RevisitLaravel/routes/console.php:6)
[stacktrace]
#0 {main}
"} 
[2024-10-15 07:06:27] local.ERROR: Cannot use positional argument after named argument {"exception":"[object] (Symfony\\Component\\ErrorHandler\\Error\\FatalError(code: 0): Cannot use positional argument after named argument at /home/tk-lpt-0530/Documents/Laravel_Projects/RevisitLaravel/routes/console.php:6)
[stacktrace]
#0 {main}
"} 
[2024-10-15 07:07:27] local.ERROR: Cannot use positional argument after named argument {"exception":"[object] (Symfony\\Component\\ErrorHandler\\Error\\FatalError(code: 0): Cannot use positional argument after named argument at /home/tk-lpt-0530/Documents/Laravel_Projects/RevisitLaravel/routes/console.php:6)
[stacktrace]
#0 {main}
"} 
[2024-10-15 07:07:27] local.ERROR: Cannot use positional argument after named argument {"exception":"[object] (Symfony\\Component\\ErrorHandler\\Error\\FatalError(code: 0): Cannot use positional argument after named argument at /home/tk-lpt-0530/Documents/Laravel_Projects/RevisitLaravel/routes/console.php:6)
[stacktrace]
#0 {main}
"} 
[2024-10-15 07:07:27] local.ERROR: Cannot use positional argument after named argument {"exception":"[object] (Symfony\\Component\\ErrorHandler\\Error\\FatalError(code: 0): Cannot use positional argument after named argument at /home/tk-lpt-0530/Documents/Laravel_Projects/RevisitLaravel/routes/console.php:6)
[stacktrace]
#0 {main}
"} 
[2024-10-15 07:07:27] local.ERROR: Cannot use positional argument after named argument {"exception":"[object] (Symfony\\Component\\ErrorHandler\\Error\\FatalError(code: 0): Cannot use positional argument after named argument at /home/tk-lpt-0530/Documents/Laravel_Projects/RevisitLaravel/routes/console.php:6)
[stacktrace]
#0 {main}
"} 
[2024-10-15 07:08:27] local.ERROR: Cannot use positional argument after named argument {"exception":"[object] (Symfony\\Component\\ErrorHandler\\Error\\FatalError(code: 0): Cannot use positional argument after named argument at /home/tk-lpt-0530/Documents/Laravel_Projects/RevisitLaravel/routes/console.php:6)
[stacktrace]
#0 {main}
"} 
[2024-10-15 07:08:27] local.ERROR: Cannot use positional argument after named argument {"exception":"[object] (Symfony\\Component\\ErrorHandler\\Error\\FatalError(code: 0): Cannot use positional argument after named argument at /home/tk-lpt-0530/Documents/Laravel_Projects/RevisitLaravel/routes/console.php:6)
[stacktrace]
#0 {main}
"} 
[2024-10-15 07:09:27] local.ERROR: Cannot use positional argument after named argument {"exception":"[object] (Symfony\\Component\\ErrorHandler\\Error\\FatalError(code: 0): Cannot use positional argument after named argument at /home/tk-lpt-0530/Documents/Laravel_Projects/RevisitLaravel/routes/console.php:6)
[stacktrace]
#0 {main}
"} 
[2024-10-15 07:09:27] local.ERROR: Cannot use positional argument after named argument {"exception":"[object] (Symfony\\Component\\ErrorHandler\\Error\\FatalError(code: 0): Cannot use positional argument after named argument at /home/tk-lpt-0530/Documents/Laravel_Projects/RevisitLaravel/routes/console.php:6)
[stacktrace]
#0 {main}
"} 
[2024-10-15 07:10:27] local.ERROR: Cannot use positional argument after named argument {"exception":"[object] (Symfony\\Component\\ErrorHandler\\Error\\FatalError(code: 0): Cannot use positional argument after named argument at /home/tk-lpt-0530/Documents/Laravel_Projects/RevisitLaravel/routes/console.php:6)
[stacktrace]
#0 {main}
"} 
[2024-10-15 07:10:27] local.ERROR: Cannot use positional argument after named argument {"exception":"[object] (Symfony\\Component\\ErrorHandler\\Error\\FatalError(code: 0): Cannot use positional argument after named argument at /home/tk-lpt-0530/Documents/Laravel_Projects/RevisitLaravel/routes/console.php:6)
[stacktrace]
#0 {main}
"} 
[2024-10-15 07:11:27] local.ERROR: Cannot use positional argument after named argument {"exception":"[object] (Symfony\\Component\\ErrorHandler\\Error\\FatalError(code: 0): Cannot use positional argument after named argument at /home/tk-lpt-0530/Documents/Laravel_Projects/RevisitLaravel/routes/console.php:6)
[stacktrace]
#0 {main}
"} 
[2024-10-15 07:11:27] local.ERROR: Cannot use positional argument after named argument {"exception":"[object] (Symfony\\Component\\ErrorHandler\\Error\\FatalError(code: 0): Cannot use positional argument after named argument at /home/tk-lpt-0530/Documents/Laravel_Projects/RevisitLaravel/routes/console.php:6)
[stacktrace]
#0 {main}
"} 
[2024-10-15 07:12:27] local.ERROR: Cannot use positional argument after named argument {"exception":"[object] (Symfony\\Component\\ErrorHandler\\Error\\FatalError(code: 0): Cannot use positional argument after named argument at /home/tk-lpt-0530/Documents/Laravel_Projects/RevisitLaravel/routes/console.php:6)
[stacktrace]
#0 {main}
"} 
[2024-10-15 07:12:27] local.ERROR: Cannot use positional argument after named argument {"exception":"[object] (Symfony\\Component\\ErrorHandler\\Error\\FatalError(code: 0): Cannot use positional argument after named argument at /home/tk-lpt-0530/Documents/Laravel_Projects/RevisitLaravel/routes/console.php:6)
[stacktrace]
#0 {main}
"} 
[2024-10-15 07:13:27] local.ERROR: Cannot use positional argument after named argument {"exception":"[object] (Symfony\\Component\\ErrorHandler\\Error\\FatalError(code: 0): Cannot use positional argument after named argument at /home/tk-lpt-0530/Documents/Laravel_Projects/RevisitLaravel/routes/console.php:6)
[stacktrace]
#0 {main}
"} 
[2024-10-15 07:13:27] local.ERROR: Cannot use positional argument after named argument {"exception":"[object] (Symfony\\Component\\ErrorHandler\\Error\\FatalError(code: 0): Cannot use positional argument after named argument at /home/tk-lpt-0530/Documents/Laravel_Projects/RevisitLaravel/routes/console.php:6)
[stacktrace]
#0 {main}
"} 
[2024-10-15 07:14:27] local.ERROR: Cannot use positional argument after named argument {"exception":"[object] (Symfony\\Component\\ErrorHandler\\Error\\FatalError(code: 0): Cannot use positional argument after named argument at /home/tk-lpt-0530/Documents/Laravel_Projects/RevisitLaravel/routes/console.php:6)
[stacktrace]
#0 {main}
"} 
[2024-10-15 07:14:27] local.ERROR: Cannot use positional argument after named argument {"exception":"[object] (Symfony\\Component\\ErrorHandler\\Error\\FatalError(code: 0): Cannot use positional argument after named argument at /home/tk-lpt-0530/Documents/Laravel_Projects/RevisitLaravel/routes/console.php:6)
[stacktrace]
#0 {main}
"} 
[2024-10-15 07:15:27] local.ERROR: Cannot use positional argument after named argument {"exception":"[object] (Symfony\\Component\\ErrorHandler\\Error\\FatalError(code: 0): Cannot use positional argument after named argument at /home/tk-lpt-0530/Documents/Laravel_Projects/RevisitLaravel/routes/console.php:6)
[stacktrace]
#0 {main}
"} 
[2024-10-15 07:15:27] local.ERROR: Cannot use positional argument after named argument {"exception":"[object] (Symfony\\Component\\ErrorHandler\\Error\\FatalError(code: 0): Cannot use positional argument after named argument at /home/tk-lpt-0530/Documents/Laravel_Projects/RevisitLaravel/routes/console.php:6)
[stacktrace]
#0 {main}
"} 
[2024-10-15 07:16:27] local.ERROR: Cannot use positional argument after named argument {"exception":"[object] (Symfony\\Component\\ErrorHandler\\Error\\FatalError(code: 0): Cannot use positional argument after named argument at /home/tk-lpt-0530/Documents/Laravel_Projects/RevisitLaravel/routes/console.php:6)
[stacktrace]
#0 {main}
"} 
[2024-10-15 07:16:27] local.ERROR: Cannot use positional argument after named argument {"exception":"[object] (Symfony\\Component\\ErrorHandler\\Error\\FatalError(code: 0): Cannot use positional argument after named argument at /home/tk-lpt-0530/Documents/Laravel_Projects/RevisitLaravel/routes/console.php:6)
[stacktrace]
#0 {main}
"} 
[2024-10-15 07:17:27] local.ERROR: Cannot use positional argument after named argument {"exception":"[object] (Symfony\\Component\\ErrorHandler\\Error\\FatalError(code: 0): Cannot use positional argument after named argument at /home/tk-lpt-0530/Documents/Laravel_Projects/RevisitLaravel/routes/console.php:6)
[stacktrace]
#0 {main}
"} 
[2024-10-15 07:17:27] local.ERROR: Cannot use positional argument after named argument {"exception":"[object] (Symfony\\Component\\ErrorHandler\\Error\\FatalError(code: 0): Cannot use positional argument after named argument at /home/tk-lpt-0530/Documents/Laravel_Projects/RevisitLaravel/routes/console.php:6)
[stacktrace]
#0 {main}
"} 
[2024-10-15 07:17:27] local.ERROR: Cannot use positional argument after named argument {"exception":"[object] (Symfony\\Component\\ErrorHandler\\Error\\FatalError(code: 0): Cannot use positional argument after named argument at /home/tk-lpt-0530/Documents/Laravel_Projects/RevisitLaravel/routes/console.php:6)
[stacktrace]
#0 {main}
"} 
[2024-10-15 07:17:27] local.ERROR: Cannot use positional argument after named argument {"exception":"[object] (Symfony\\Component\\ErrorHandler\\Error\\FatalError(code: 0): Cannot use positional argument after named argument at /home/tk-lpt-0530/Documents/Laravel_Projects/RevisitLaravel/routes/console.php:6)
[stacktrace]
#0 {main}
"} 
[2024-10-15 07:18:27] local.ERROR: Cannot use positional argument after named argument {"exception":"[object] (Symfony\\Component\\ErrorHandler\\Error\\FatalError(code: 0): Cannot use positional argument after named argument at /home/tk-lpt-0530/Documents/Laravel_Projects/RevisitLaravel/routes/console.php:6)
[stacktrace]
#0 {main}
"} 
[2024-10-15 07:18:27] local.ERROR: Cannot use positional argument after named argument {"exception":"[object] (Symfony\\Component\\ErrorHandler\\Error\\FatalError(code: 0): Cannot use positional argument after named argument at /home/tk-lpt-0530/Documents/Laravel_Projects/RevisitLaravel/routes/console.php:6)
[stacktrace]
#0 {main}
"} 
[2024-10-15 07:19:27] local.ERROR: Cannot use positional argument after named argument {"exception":"[object] (Symfony\\Component\\ErrorHandler\\Error\\FatalError(code: 0): Cannot use positional argument after named argument at /home/tk-lpt-0530/Documents/Laravel_Projects/RevisitLaravel/routes/console.php:6)
[stacktrace]
#0 {main}
"} 
[2024-10-15 07:19:27] local.ERROR: Cannot use positional argument after named argument {"exception":"[object] (Symfony\\Component\\ErrorHandler\\Error\\FatalError(code: 0): Cannot use positional argument after named argument at /home/tk-lpt-0530/Documents/Laravel_Projects/RevisitLaravel/routes/console.php:6)
[stacktrace]
#0 {main}
"} 
[2024-10-15 07:20:27] local.ERROR: Cannot use positional argument after named argument {"exception":"[object] (Symfony\\Component\\ErrorHandler\\Error\\FatalError(code: 0): Cannot use positional argument after named argument at /home/tk-lpt-0530/Documents/Laravel_Projects/RevisitLaravel/routes/console.php:6)
[stacktrace]
#0 {main}
"} 
[2024-10-15 07:20:27] local.ERROR: Cannot use positional argument after named argument {"exception":"[object] (Symfony\\Component\\ErrorHandler\\Error\\FatalError(code: 0): Cannot use positional argument after named argument at /home/tk-lpt-0530/Documents/Laravel_Projects/RevisitLaravel/routes/console.php:6)
[stacktrace]
#0 {main}
"} 
[2024-10-15 07:21:27] local.ERROR: Cannot use positional argument after named argument {"exception":"[object] (Symfony\\Component\\ErrorHandler\\Error\\FatalError(code: 0): Cannot use positional argument after named argument at /home/tk-lpt-0530/Documents/Laravel_Projects/RevisitLaravel/routes/console.php:6)
[stacktrace]
#0 {main}
"} 
[2024-10-15 07:21:27] local.ERROR: Cannot use positional argument after named argument {"exception":"[object] (Symfony\\Component\\ErrorHandler\\Error\\FatalError(code: 0): Cannot use positional argument after named argument at /home/tk-lpt-0530/Documents/Laravel_Projects/RevisitLaravel/routes/console.php:6)
[stacktrace]
#0 {main}
"} 
[2024-10-15 07:22:27] local.ERROR: Cannot use positional argument after named argument {"exception":"[object] (Symfony\\Component\\ErrorHandler\\Error\\FatalError(code: 0): Cannot use positional argument after named argument at /home/tk-lpt-0530/Documents/Laravel_Projects/RevisitLaravel/routes/console.php:6)
[stacktrace]
#0 {main}
"} 
[2024-10-15 07:22:27] local.ERROR: Cannot use positional argument after named argument {"exception":"[object] (Symfony\\Component\\ErrorHandler\\Error\\FatalError(code: 0): Cannot use positional argument after named argument at /home/tk-lpt-0530/Documents/Laravel_Projects/RevisitLaravel/routes/console.php:6)
[stacktrace]
#0 {main}
"} 
[2024-10-15 07:23:27] local.ERROR: Cannot use positional argument after named argument {"exception":"[object] (Symfony\\Component\\ErrorHandler\\Error\\FatalError(code: 0): Cannot use positional argument after named argument at /home/tk-lpt-0530/Documents/Laravel_Projects/RevisitLaravel/routes/console.php:6)
[stacktrace]
#0 {main}
"} 
[2024-10-15 07:23:27] local.ERROR: Cannot use positional argument after named argument {"exception":"[object] (Symfony\\Component\\ErrorHandler\\Error\\FatalError(code: 0): Cannot use positional argument after named argument at /home/tk-lpt-0530/Documents/Laravel_Projects/RevisitLaravel/routes/console.php:6)
[stacktrace]
#0 {main}
"} 
[2024-10-15 07:24:27] local.ERROR: Cannot use positional argument after named argument {"exception":"[object] (Symfony\\Component\\ErrorHandler\\Error\\FatalError(code: 0): Cannot use positional argument after named argument at /home/tk-lpt-0530/Documents/Laravel_Projects/RevisitLaravel/routes/console.php:6)
[stacktrace]
#0 {main}
"} 
[2024-10-15 07:24:27] local.ERROR: Cannot use positional argument after named argument {"exception":"[object] (Symfony\\Component\\ErrorHandler\\Error\\FatalError(code: 0): Cannot use positional argument after named argument at /home/tk-lpt-0530/Documents/Laravel_Projects/RevisitLaravel/routes/console.php:6)
[stacktrace]
#0 {main}
"} 
[2024-10-15 07:25:27] local.ERROR: Cannot use positional argument after named argument {"exception":"[object] (Symfony\\Component\\ErrorHandler\\Error\\FatalError(code: 0): Cannot use positional argument after named argument at /home/tk-lpt-0530/Documents/Laravel_Projects/RevisitLaravel/routes/console.php:6)
[stacktrace]
#0 {main}
"} 
[2024-10-15 07:25:27] local.ERROR: Cannot use positional argument after named argument {"exception":"[object] (Symfony\\Component\\ErrorHandler\\Error\\FatalError(code: 0): Cannot use positional argument after named argument at /home/tk-lpt-0530/Documents/Laravel_Projects/RevisitLaravel/routes/console.php:6)
[stacktrace]
#0 {main}
"} 
[2024-10-15 07:26:27] local.ERROR: Cannot use positional argument after named argument {"exception":"[object] (Symfony\\Component\\ErrorHandler\\Error\\FatalError(code: 0): Cannot use positional argument after named argument at /home/tk-lpt-0530/Documents/Laravel_Projects/RevisitLaravel/routes/console.php:6)
[stacktrace]
#0 {main}
"} 
[2024-10-15 07:26:27] local.ERROR: Cannot use positional argument after named argument {"exception":"[object] (Symfony\\Component\\ErrorHandler\\Error\\FatalError(code: 0): Cannot use positional argument after named argument at /home/tk-lpt-0530/Documents/Laravel_Projects/RevisitLaravel/routes/console.php:6)
[stacktrace]
#0 {main}
"} 
[2024-10-15 07:27:27] local.ERROR: Cannot use positional argument after named argument {"exception":"[object] (Symfony\\Component\\ErrorHandler\\Error\\FatalError(code: 0): Cannot use positional argument after named argument at /home/tk-lpt-0530/Documents/Laravel_Projects/RevisitLaravel/routes/console.php:6)
[stacktrace]
#0 {main}
"} 
[2024-10-15 07:27:27] local.ERROR: Cannot use positional argument after named argument {"exception":"[object] (Symfony\\Component\\ErrorHandler\\Error\\FatalError(code: 0): Cannot use positional argument after named argument at /home/tk-lpt-0530/Documents/Laravel_Projects/RevisitLaravel/routes/console.php:6)
[stacktrace]
#0 {main}
"} 
[2024-10-15 07:27:27] local.ERROR: Cannot use positional argument after named argument {"exception":"[object] (Symfony\\Component\\ErrorHandler\\Error\\FatalError(code: 0): Cannot use positional argument after named argument at /home/tk-lpt-0530/Documents/Laravel_Projects/RevisitLaravel/routes/console.php:6)
[stacktrace]
#0 {main}
"} 
[2024-10-15 07:27:27] local.ERROR: Cannot use positional argument after named argument {"exception":"[object] (Symfony\\Component\\ErrorHandler\\Error\\FatalError(code: 0): Cannot use positional argument after named argument at /home/tk-lpt-0530/Documents/Laravel_Projects/RevisitLaravel/routes/console.php:6)
[stacktrace]
#0 {main}
"} 
[2024-10-15 07:28:27] local.ERROR: Cannot use positional argument after named argument {"exception":"[object] (Symfony\\Component\\ErrorHandler\\Error\\FatalError(code: 0): Cannot use positional argument after named argument at /home/tk-lpt-0530/Documents/Laravel_Projects/RevisitLaravel/routes/console.php:6)
[stacktrace]
#0 {main}
"} 
[2024-10-15 07:28:27] local.ERROR: Cannot use positional argument after named argument {"exception":"[object] (Symfony\\Component\\ErrorHandler\\Error\\FatalError(code: 0): Cannot use positional argument after named argument at /home/tk-lpt-0530/Documents/Laravel_Projects/RevisitLaravel/routes/console.php:6)
[stacktrace]
#0 {main}
"} 
[2024-10-15 07:29:27] local.ERROR: Cannot use positional argument after named argument {"exception":"[object] (Symfony\\Component\\ErrorHandler\\Error\\FatalError(code: 0): Cannot use positional argument after named argument at /home/tk-lpt-0530/Documents/Laravel_Projects/RevisitLaravel/routes/console.php:6)
[stacktrace]
#0 {main}
"} 
[2024-10-15 07:29:27] local.ERROR: Cannot use positional argument after named argument {"exception":"[object] (Symfony\\Component\\ErrorHandler\\Error\\FatalError(code: 0): Cannot use positional argument after named argument at /home/tk-lpt-0530/Documents/Laravel_Projects/RevisitLaravel/routes/console.php:6)
[stacktrace]
#0 {main}
"} 
[2024-10-15 07:30:27] local.ERROR: Cannot use positional argument after named argument {"exception":"[object] (Symfony\\Component\\ErrorHandler\\Error\\FatalError(code: 0): Cannot use positional argument after named argument at /home/tk-lpt-0530/Documents/Laravel_Projects/RevisitLaravel/routes/console.php:6)
[stacktrace]
#0 {main}
"} 
[2024-10-15 07:30:27] local.ERROR: Cannot use positional argument after named argument {"exception":"[object] (Symfony\\Component\\ErrorHandler\\Error\\FatalError(code: 0): Cannot use positional argument after named argument at /home/tk-lpt-0530/Documents/Laravel_Projects/RevisitLaravel/routes/console.php:6)
[stacktrace]
#0 {main}
"} 
[2024-10-15 07:31:27] local.ERROR: Cannot use positional argument after named argument {"exception":"[object] (Symfony\\Component\\ErrorHandler\\Error\\FatalError(code: 0): Cannot use positional argument after named argument at /home/tk-lpt-0530/Documents/Laravel_Projects/RevisitLaravel/routes/console.php:6)
[stacktrace]
#0 {main}
"} 
[2024-10-15 07:31:27] local.ERROR: Cannot use positional argument after named argument {"exception":"[object] (Symfony\\Component\\ErrorHandler\\Error\\FatalError(code: 0): Cannot use positional argument after named argument at /home/tk-lpt-0530/Documents/Laravel_Projects/RevisitLaravel/routes/console.php:6)
[stacktrace]
#0 {main}
"} 
[2024-10-15 07:32:27] local.ERROR: Cannot use positional argument after named argument {"exception":"[object] (Symfony\\Component\\ErrorHandler\\Error\\FatalError(code: 0): Cannot use positional argument after named argument at /home/tk-lpt-0530/Documents/Laravel_Projects/RevisitLaravel/routes/console.php:6)
[stacktrace]
#0 {main}
"} 
[2024-10-15 07:32:27] local.ERROR: Cannot use positional argument after named argument {"exception":"[object] (Symfony\\Component\\ErrorHandler\\Error\\FatalError(code: 0): Cannot use positional argument after named argument at /home/tk-lpt-0530/Documents/Laravel_Projects/RevisitLaravel/routes/console.php:6)
[stacktrace]
#0 {main}
"} 
[2024-10-15 07:33:27] local.ERROR: Cannot use positional argument after named argument {"exception":"[object] (Symfony\\Component\\ErrorHandler\\Error\\FatalError(code: 0): Cannot use positional argument after named argument at /home/tk-lpt-0530/Documents/Laravel_Projects/RevisitLaravel/routes/console.php:6)
[stacktrace]
#0 {main}
"} 
[2024-10-15 07:33:27] local.ERROR: Cannot use positional argument after named argument {"exception":"[object] (Symfony\\Component\\ErrorHandler\\Error\\FatalError(code: 0): Cannot use positional argument after named argument at /home/tk-lpt-0530/Documents/Laravel_Projects/RevisitLaravel/routes/console.php:6)
[stacktrace]
#0 {main}
"} 
[2024-10-15 07:34:27] local.ERROR: Cannot use positional argument after named argument {"exception":"[object] (Symfony\\Component\\ErrorHandler\\Error\\FatalError(code: 0): Cannot use positional argument after named argument at /home/tk-lpt-0530/Documents/Laravel_Projects/RevisitLaravel/routes/console.php:6)
[stacktrace]
#0 {main}
"} 
[2024-10-15 07:34:27] local.ERROR: Cannot use positional argument after named argument {"exception":"[object] (Symfony\\Component\\ErrorHandler\\Error\\FatalError(code: 0): Cannot use positional argument after named argument at /home/tk-lpt-0530/Documents/Laravel_Projects/RevisitLaravel/routes/console.php:6)
[stacktrace]
#0 {main}
"} 
[2024-10-15 07:35:27] local.ERROR: Cannot use positional argument after named argument {"exception":"[object] (Symfony\\Component\\ErrorHandler\\Error\\FatalError(code: 0): Cannot use positional argument after named argument at /home/tk-lpt-0530/Documents/Laravel_Projects/RevisitLaravel/routes/console.php:6)
[stacktrace]
#0 {main}
"} 
[2024-10-15 07:35:27] local.ERROR: Cannot use positional argument after named argument {"exception":"[object] (Symfony\\Component\\ErrorHandler\\Error\\FatalError(code: 0): Cannot use positional argument after named argument at /home/tk-lpt-0530/Documents/Laravel_Projects/RevisitLaravel/routes/console.php:6)
[stacktrace]
#0 {main}
"} 
[2024-10-15 07:36:27] local.ERROR: Cannot use positional argument after named argument {"exception":"[object] (Symfony\\Component\\ErrorHandler\\Error\\FatalError(code: 0): Cannot use positional argument after named argument at /home/tk-lpt-0530/Documents/Laravel_Projects/RevisitLaravel/routes/console.php:6)
[stacktrace]
#0 {main}
"} 
[2024-10-15 07:36:27] local.ERROR: Cannot use positional argument after named argument {"exception":"[object] (Symfony\\Component\\ErrorHandler\\Error\\FatalError(code: 0): Cannot use positional argument after named argument at /home/tk-lpt-0530/Documents/Laravel_Projects/RevisitLaravel/routes/console.php:6)
[stacktrace]
#0 {main}
"} 
[2024-10-15 07:37:27] local.ERROR: Cannot use positional argument after named argument {"exception":"[object] (Symfony\\Component\\ErrorHandler\\Error\\FatalError(code: 0): Cannot use positional argument after named argument at /home/tk-lpt-0530/Documents/Laravel_Projects/RevisitLaravel/routes/console.php:6)
[stacktrace]
#0 {main}
"} 
[2024-10-15 07:37:27] local.ERROR: Cannot use positional argument after named argument {"exception":"[object] (Symfony\\Component\\ErrorHandler\\Error\\FatalError(code: 0): Cannot use positional argument after named argument at /home/tk-lpt-0530/Documents/Laravel_Projects/RevisitLaravel/routes/console.php:6)
[stacktrace]
#0 {main}
"} 
[2024-10-15 07:37:27] local.ERROR: Cannot use positional argument after named argument {"exception":"[object] (Symfony\\Component\\ErrorHandler\\Error\\FatalError(code: 0): Cannot use positional argument after named argument at /home/tk-lpt-0530/Documents/Laravel_Projects/RevisitLaravel/routes/console.php:6)
[stacktrace]
#0 {main}
"} 
[2024-10-15 07:37:27] local.ERROR: Cannot use positional argument after named argument {"exception":"[object] (Symfony\\Component\\ErrorHandler\\Error\\FatalError(code: 0): Cannot use positional argument after named argument at /home/tk-lpt-0530/Documents/Laravel_Projects/RevisitLaravel/routes/console.php:6)
[stacktrace]
#0 {main}
"} 
[2024-10-15 07:38:27] local.ERROR: Cannot use positional argument after named argument {"exception":"[object] (Symfony\\Component\\ErrorHandler\\Error\\FatalError(code: 0): Cannot use positional argument after named argument at /home/tk-lpt-0530/Documents/Laravel_Projects/RevisitLaravel/routes/console.php:6)
[stacktrace]
#0 {main}
"} 
[2024-10-15 07:38:27] local.ERROR: Cannot use positional argument after named argument {"exception":"[object] (Symfony\\Component\\ErrorHandler\\Error\\FatalError(code: 0): Cannot use positional argument after named argument at /home/tk-lpt-0530/Documents/Laravel_Projects/RevisitLaravel/routes/console.php:6)
[stacktrace]
#0 {main}
"} 
[2024-10-15 07:39:27] local.ERROR: Cannot use positional argument after named argument {"exception":"[object] (Symfony\\Component\\ErrorHandler\\Error\\FatalError(code: 0): Cannot use positional argument after named argument at /home/tk-lpt-0530/Documents/Laravel_Projects/RevisitLaravel/routes/console.php:6)
[stacktrace]
#0 {main}
"} 
[2024-10-15 07:39:27] local.ERROR: Cannot use positional argument after named argument {"exception":"[object] (Symfony\\Component\\ErrorHandler\\Error\\FatalError(code: 0): Cannot use positional argument after named argument at /home/tk-lpt-0530/Documents/Laravel_Projects/RevisitLaravel/routes/console.php:6)
[stacktrace]
#0 {main}
"} 
[2024-10-15 07:40:27] local.ERROR: Cannot use positional argument after named argument {"exception":"[object] (Symfony\\Component\\ErrorHandler\\Error\\FatalError(code: 0): Cannot use positional argument after named argument at /home/tk-lpt-0530/Documents/Laravel_Projects/RevisitLaravel/routes/console.php:6)
[stacktrace]
#0 {main}
"} 
[2024-10-15 07:40:27] local.ERROR: Cannot use positional argument after named argument {"exception":"[object] (Symfony\\Component\\ErrorHandler\\Error\\FatalError(code: 0): Cannot use positional argument after named argument at /home/tk-lpt-0530/Documents/Laravel_Projects/RevisitLaravel/routes/console.php:6)
[stacktrace]
#0 {main}
"} 
[2024-10-15 07:41:27] local.ERROR: Cannot use positional argument after named argument {"exception":"[object] (Symfony\\Component\\ErrorHandler\\Error\\FatalError(code: 0): Cannot use positional argument after named argument at /home/tk-lpt-0530/Documents/Laravel_Projects/RevisitLaravel/routes/console.php:6)
[stacktrace]
#0 {main}
"} 
[2024-10-15 07:41:27] local.ERROR: Cannot use positional argument after named argument {"exception":"[object] (Symfony\\Component\\ErrorHandler\\Error\\FatalError(code: 0): Cannot use positional argument after named argument at /home/tk-lpt-0530/Documents/Laravel_Projects/RevisitLaravel/routes/console.php:6)
[stacktrace]
#0 {main}
"} 
[2024-10-15 07:42:27] local.ERROR: Cannot use positional argument after named argument {"exception":"[object] (Symfony\\Component\\ErrorHandler\\Error\\FatalError(code: 0): Cannot use positional argument after named argument at /home/tk-lpt-0530/Documents/Laravel_Projects/RevisitLaravel/routes/console.php:6)
[stacktrace]
#0 {main}
"} 
[2024-10-15 07:42:27] local.ERROR: Cannot use positional argument after named argument {"exception":"[object] (Symfony\\Component\\ErrorHandler\\Error\\FatalError(code: 0): Cannot use positional argument after named argument at /home/tk-lpt-0530/Documents/Laravel_Projects/RevisitLaravel/routes/console.php:6)
[stacktrace]
#0 {main}
"} 
[2024-10-15 07:43:27] local.ERROR: Cannot use positional argument after named argument {"exception":"[object] (Symfony\\Component\\ErrorHandler\\Error\\FatalError(code: 0): Cannot use positional argument after named argument at /home/tk-lpt-0530/Documents/Laravel_Projects/RevisitLaravel/routes/console.php:6)
[stacktrace]
#0 {main}
"} 
[2024-10-15 07:43:27] local.ERROR: Cannot use positional argument after named argument {"exception":"[object] (Symfony\\Component\\ErrorHandler\\Error\\FatalError(code: 0): Cannot use positional argument after named argument at /home/tk-lpt-0530/Documents/Laravel_Projects/RevisitLaravel/routes/console.php:6)
[stacktrace]
#0 {main}
"} 
[2024-10-15 07:44:27] local.ERROR: Cannot use positional argument after named argument {"exception":"[object] (Symfony\\Component\\ErrorHandler\\Error\\FatalError(code: 0): Cannot use positional argument after named argument at /home/tk-lpt-0530/Documents/Laravel_Projects/RevisitLaravel/routes/console.php:6)
[stacktrace]
#0 {main}
"} 
[2024-10-15 07:44:27] local.ERROR: Cannot use positional argument after named argument {"exception":"[object] (Symfony\\Component\\ErrorHandler\\Error\\FatalError(code: 0): Cannot use positional argument after named argument at /home/tk-lpt-0530/Documents/Laravel_Projects/RevisitLaravel/routes/console.php:6)
[stacktrace]
#0 {main}
"} 
[2024-10-15 07:45:27] local.ERROR: Cannot use positional argument after named argument {"exception":"[object] (Symfony\\Component\\ErrorHandler\\Error\\FatalError(code: 0): Cannot use positional argument after named argument at /home/tk-lpt-0530/Documents/Laravel_Projects/RevisitLaravel/routes/console.php:6)
[stacktrace]
#0 {main}
"} 
[2024-10-15 07:45:27] local.ERROR: Cannot use positional argument after named argument {"exception":"[object] (Symfony\\Component\\ErrorHandler\\Error\\FatalError(code: 0): Cannot use positional argument after named argument at /home/tk-lpt-0530/Documents/Laravel_Projects/RevisitLaravel/routes/console.php:6)
[stacktrace]
#0 {main}
"} 
[2024-10-15 07:46:27] local.ERROR: Cannot use positional argument after named argument {"exception":"[object] (Symfony\\Component\\ErrorHandler\\Error\\FatalError(code: 0): Cannot use positional argument after named argument at /home/tk-lpt-0530/Documents/Laravel_Projects/RevisitLaravel/routes/console.php:6)
[stacktrace]
#0 {main}
"} 
[2024-10-15 07:46:27] local.ERROR: Cannot use positional argument after named argument {"exception":"[object] (Symfony\\Component\\ErrorHandler\\Error\\FatalError(code: 0): Cannot use positional argument after named argument at /home/tk-lpt-0530/Documents/Laravel_Projects/RevisitLaravel/routes/console.php:6)
[stacktrace]
#0 {main}
"} 
[2024-10-15 07:47:27] local.ERROR: Cannot use positional argument after named argument {"exception":"[object] (Symfony\\Component\\ErrorHandler\\Error\\FatalError(code: 0): Cannot use positional argument after named argument at /home/tk-lpt-0530/Documents/Laravel_Projects/RevisitLaravel/routes/console.php:6)
[stacktrace]
#0 {main}
"} 
[2024-10-15 07:47:27] local.ERROR: Cannot use positional argument after named argument {"exception":"[object] (Symfony\\Component\\ErrorHandler\\Error\\FatalError(code: 0): Cannot use positional argument after named argument at /home/tk-lpt-0530/Documents/Laravel_Projects/RevisitLaravel/routes/console.php:6)
[stacktrace]
#0 {main}
"} 
[2024-10-15 07:47:27] local.ERROR: Cannot use positional argument after named argument {"exception":"[object] (Symfony\\Component\\ErrorHandler\\Error\\FatalError(code: 0): Cannot use positional argument after named argument at /home/tk-lpt-0530/Documents/Laravel_Projects/RevisitLaravel/routes/console.php:6)
[stacktrace]
#0 {main}
"} 
[2024-10-15 07:47:27] local.ERROR: Cannot use positional argument after named argument {"exception":"[object] (Symfony\\Component\\ErrorHandler\\Error\\FatalError(code: 0): Cannot use positional argument after named argument at /home/tk-lpt-0530/Documents/Laravel_Projects/RevisitLaravel/routes/console.php:6)
[stacktrace]
#0 {main}
"} 
[2024-10-15 07:48:27] local.ERROR: Cannot use positional argument after named argument {"exception":"[object] (Symfony\\Component\\ErrorHandler\\Error\\FatalError(code: 0): Cannot use positional argument after named argument at /home/tk-lpt-0530/Documents/Laravel_Projects/RevisitLaravel/routes/console.php:6)
[stacktrace]
#0 {main}
"} 
[2024-10-15 07:48:27] local.ERROR: Cannot use positional argument after named argument {"exception":"[object] (Symfony\\Component\\ErrorHandler\\Error\\FatalError(code: 0): Cannot use positional argument after named argument at /home/tk-lpt-0530/Documents/Laravel_Projects/RevisitLaravel/routes/console.php:6)
[stacktrace]
#0 {main}
"} 
[2024-10-15 07:49:27] local.ERROR: Cannot use positional argument after named argument {"exception":"[object] (Symfony\\Component\\ErrorHandler\\Error\\FatalError(code: 0): Cannot use positional argument after named argument at /home/tk-lpt-0530/Documents/Laravel_Projects/RevisitLaravel/routes/console.php:6)
[stacktrace]
#0 {main}
"} 
[2024-10-15 07:49:27] local.ERROR: Cannot use positional argument after named argument {"exception":"[object] (Symfony\\Component\\ErrorHandler\\Error\\FatalError(code: 0): Cannot use positional argument after named argument at /home/tk-lpt-0530/Documents/Laravel_Projects/RevisitLaravel/routes/console.php:6)
[stacktrace]
#0 {main}
"} 
[2024-10-15 07:50:27] local.ERROR: Cannot use positional argument after named argument {"exception":"[object] (Symfony\\Component\\ErrorHandler\\Error\\FatalError(code: 0): Cannot use positional argument after named argument at /home/tk-lpt-0530/Documents/Laravel_Projects/RevisitLaravel/routes/console.php:6)
[stacktrace]
#0 {main}
"} 
[2024-10-15 07:50:27] local.ERROR: Cannot use positional argument after named argument {"exception":"[object] (Symfony\\Component\\ErrorHandler\\Error\\FatalError(code: 0): Cannot use positional argument after named argument at /home/tk-lpt-0530/Documents/Laravel_Projects/RevisitLaravel/routes/console.php:6)
[stacktrace]
#0 {main}
"} 
[2024-10-15 07:51:27] local.ERROR: Cannot use positional argument after named argument {"exception":"[object] (Symfony\\Component\\ErrorHandler\\Error\\FatalError(code: 0): Cannot use positional argument after named argument at /home/tk-lpt-0530/Documents/Laravel_Projects/RevisitLaravel/routes/console.php:6)
[stacktrace]
#0 {main}
"} 
[2024-10-15 07:51:27] local.ERROR: Cannot use positional argument after named argument {"exception":"[object] (Symfony\\Component\\ErrorHandler\\Error\\FatalError(code: 0): Cannot use positional argument after named argument at /home/tk-lpt-0530/Documents/Laravel_Projects/RevisitLaravel/routes/console.php:6)
[stacktrace]
#0 {main}
"} 
[2024-10-15 07:52:27] local.ERROR: Cannot use positional argument after named argument {"exception":"[object] (Symfony\\Component\\ErrorHandler\\Error\\FatalError(code: 0): Cannot use positional argument after named argument at /home/tk-lpt-0530/Documents/Laravel_Projects/RevisitLaravel/routes/console.php:6)
[stacktrace]
#0 {main}
"} 
[2024-10-15 07:52:27] local.ERROR: Cannot use positional argument after named argument {"exception":"[object] (Symfony\\Component\\ErrorHandler\\Error\\FatalError(code: 0): Cannot use positional argument after named argument at /home/tk-lpt-0530/Documents/Laravel_Projects/RevisitLaravel/routes/console.php:6)
[stacktrace]
#0 {main}
"} 
[2024-10-15 07:53:27] local.ERROR: Cannot use positional argument after named argument {"exception":"[object] (Symfony\\Component\\ErrorHandler\\Error\\FatalError(code: 0): Cannot use positional argument after named argument at /home/tk-lpt-0530/Documents/Laravel_Projects/RevisitLaravel/routes/console.php:6)
[stacktrace]
#0 {main}
"} 
[2024-10-15 07:53:27] local.ERROR: Cannot use positional argument after named argument {"exception":"[object] (Symfony\\Component\\ErrorHandler\\Error\\FatalError(code: 0): Cannot use positional argument after named argument at /home/tk-lpt-0530/Documents/Laravel_Projects/RevisitLaravel/routes/console.php:6)
[stacktrace]
#0 {main}
"} 
[2024-10-15 07:54:27] local.ERROR: Cannot use positional argument after named argument {"exception":"[object] (Symfony\\Component\\ErrorHandler\\Error\\FatalError(code: 0): Cannot use positional argument after named argument at /home/tk-lpt-0530/Documents/Laravel_Projects/RevisitLaravel/routes/console.php:6)
[stacktrace]
#0 {main}
"} 
[2024-10-15 07:54:27] local.ERROR: Cannot use positional argument after named argument {"exception":"[object] (Symfony\\Component\\ErrorHandler\\Error\\FatalError(code: 0): Cannot use positional argument after named argument at /home/tk-lpt-0530/Documents/Laravel_Projects/RevisitLaravel/routes/console.php:6)
[stacktrace]
#0 {main}
"} 
[2024-10-15 07:55:27] local.ERROR: Cannot use positional argument after named argument {"exception":"[object] (Symfony\\Component\\ErrorHandler\\Error\\FatalError(code: 0): Cannot use positional argument after named argument at /home/tk-lpt-0530/Documents/Laravel_Projects/RevisitLaravel/routes/console.php:6)
[stacktrace]
#0 {main}
"} 
[2024-10-15 07:55:27] local.ERROR: Cannot use positional argument after named argument {"exception":"[object] (Symfony\\Component\\ErrorHandler\\Error\\FatalError(code: 0): Cannot use positional argument after named argument at /home/tk-lpt-0530/Documents/Laravel_Projects/RevisitLaravel/routes/console.php:6)
[stacktrace]
#0 {main}
"} 
[2024-10-15 07:56:27] local.ERROR: Cannot use positional argument after named argument {"exception":"[object] (Symfony\\Component\\ErrorHandler\\Error\\FatalError(code: 0): Cannot use positional argument after named argument at /home/tk-lpt-0530/Documents/Laravel_Projects/RevisitLaravel/routes/console.php:6)
[stacktrace]
#0 {main}
"} 
[2024-10-15 07:56:27] local.ERROR: Cannot use positional argument after named argument {"exception":"[object] (Symfony\\Component\\ErrorHandler\\Error\\FatalError(code: 0): Cannot use positional argument after named argument at /home/tk-lpt-0530/Documents/Laravel_Projects/RevisitLaravel/routes/console.php:6)
[stacktrace]
#0 {main}
"} 
[2024-10-15 07:57:27] local.ERROR: Cannot use positional argument after named argument {"exception":"[object] (Symfony\\Component\\ErrorHandler\\Error\\FatalError(code: 0): Cannot use positional argument after named argument at /home/tk-lpt-0530/Documents/Laravel_Projects/RevisitLaravel/routes/console.php:6)
[stacktrace]
#0 {main}
"} 
[2024-10-15 07:57:27] local.ERROR: Cannot use positional argument after named argument {"exception":"[object] (Symfony\\Component\\ErrorHandler\\Error\\FatalError(code: 0): Cannot use positional argument after named argument at /home/tk-lpt-0530/Documents/Laravel_Projects/RevisitLaravel/routes/console.php:6)
[stacktrace]
#0 {main}
"} 
[2024-10-15 07:57:27] local.ERROR: Cannot use positional argument after named argument {"exception":"[object] (Symfony\\Component\\ErrorHandler\\Error\\FatalError(code: 0): Cannot use positional argument after named argument at /home/tk-lpt-0530/Documents/Laravel_Projects/RevisitLaravel/routes/console.php:6)
[stacktrace]
#0 {main}
"} 
[2024-10-15 07:57:27] local.ERROR: Cannot use positional argument after named argument {"exception":"[object] (Symfony\\Component\\ErrorHandler\\Error\\FatalError(code: 0): Cannot use positional argument after named argument at /home/tk-lpt-0530/Documents/Laravel_Projects/RevisitLaravel/routes/console.php:6)
[stacktrace]
#0 {main}
"} 
[2024-10-15 07:58:27] local.ERROR: Cannot use positional argument after named argument {"exception":"[object] (Symfony\\Component\\ErrorHandler\\Error\\FatalError(code: 0): Cannot use positional argument after named argument at /home/tk-lpt-0530/Documents/Laravel_Projects/RevisitLaravel/routes/console.php:6)
[stacktrace]
#0 {main}
"} 
[2024-10-15 07:58:27] local.ERROR: Cannot use positional argument after named argument {"exception":"[object] (Symfony\\Component\\ErrorHandler\\Error\\FatalError(code: 0): Cannot use positional argument after named argument at /home/tk-lpt-0530/Documents/Laravel_Projects/RevisitLaravel/routes/console.php:6)
[stacktrace]
#0 {main}
"} 
[2024-10-15 07:59:27] local.ERROR: Cannot use positional argument after named argument {"exception":"[object] (Symfony\\Component\\ErrorHandler\\Error\\FatalError(code: 0): Cannot use positional argument after named argument at /home/tk-lpt-0530/Documents/Laravel_Projects/RevisitLaravel/routes/console.php:6)
[stacktrace]
#0 {main}
"} 
[2024-10-15 07:59:27] local.ERROR: Cannot use positional argument after named argument {"exception":"[object] (Symfony\\Component\\ErrorHandler\\Error\\FatalError(code: 0): Cannot use positional argument after named argument at /home/tk-lpt-0530/Documents/Laravel_Projects/RevisitLaravel/routes/console.php:6)
[stacktrace]
#0 {main}
"} 
[2024-10-15 08:00:27] local.ERROR: Cannot use positional argument after named argument {"exception":"[object] (Symfony\\Component\\ErrorHandler\\Error\\FatalError(code: 0): Cannot use positional argument after named argument at /home/tk-lpt-0530/Documents/Laravel_Projects/RevisitLaravel/routes/console.php:6)
[stacktrace]
#0 {main}
"} 
[2024-10-15 08:00:27] local.ERROR: Cannot use positional argument after named argument {"exception":"[object] (Symfony\\Component\\ErrorHandler\\Error\\FatalError(code: 0): Cannot use positional argument after named argument at /home/tk-lpt-0530/Documents/Laravel_Projects/RevisitLaravel/routes/console.php:6)
[stacktrace]
#0 {main}
"} 
[2024-10-15 08:01:27] local.ERROR: Cannot use positional argument after named argument {"exception":"[object] (Symfony\\Component\\ErrorHandler\\Error\\FatalError(code: 0): Cannot use positional argument after named argument at /home/tk-lpt-0530/Documents/Laravel_Projects/RevisitLaravel/routes/console.php:6)
[stacktrace]
#0 {main}
"} 
[2024-10-15 08:01:27] local.ERROR: Cannot use positional argument after named argument {"exception":"[object] (Symfony\\Component\\ErrorHandler\\Error\\FatalError(code: 0): Cannot use positional argument after named argument at /home/tk-lpt-0530/Documents/Laravel_Projects/RevisitLaravel/routes/console.php:6)
[stacktrace]
#0 {main}
"} 
[2024-10-15 08:02:27] local.ERROR: Cannot use positional argument after named argument {"exception":"[object] (Symfony\\Component\\ErrorHandler\\Error\\FatalError(code: 0): Cannot use positional argument after named argument at /home/tk-lpt-0530/Documents/Laravel_Projects/RevisitLaravel/routes/console.php:6)
[stacktrace]
#0 {main}
"} 
[2024-10-15 08:02:27] local.ERROR: Cannot use positional argument after named argument {"exception":"[object] (Symfony\\Component\\ErrorHandler\\Error\\FatalError(code: 0): Cannot use positional argument after named argument at /home/tk-lpt-0530/Documents/Laravel_Projects/RevisitLaravel/routes/console.php:6)
[stacktrace]
#0 {main}
"} 
[2024-10-15 08:03:27] local.ERROR: Cannot use positional argument after named argument {"exception":"[object] (Symfony\\Component\\ErrorHandler\\Error\\FatalError(code: 0): Cannot use positional argument after named argument at /home/tk-lpt-0530/Documents/Laravel_Projects/RevisitLaravel/routes/console.php:6)
[stacktrace]
#0 {main}
"} 
[2024-10-15 08:03:27] local.ERROR: Cannot use positional argument after named argument {"exception":"[object] (Symfony\\Component\\ErrorHandler\\Error\\FatalError(code: 0): Cannot use positional argument after named argument at /home/tk-lpt-0530/Documents/Laravel_Projects/RevisitLaravel/routes/console.php:6)
[stacktrace]
#0 {main}
"} 
[2024-10-15 08:04:27] local.ERROR: Cannot use positional argument after named argument {"exception":"[object] (Symfony\\Component\\ErrorHandler\\Error\\FatalError(code: 0): Cannot use positional argument after named argument at /home/tk-lpt-0530/Documents/Laravel_Projects/RevisitLaravel/routes/console.php:6)
[stacktrace]
#0 {main}
"} 
[2024-10-15 08:04:27] local.ERROR: Cannot use positional argument after named argument {"exception":"[object] (Symfony\\Component\\ErrorHandler\\Error\\FatalError(code: 0): Cannot use positional argument after named argument at /home/tk-lpt-0530/Documents/Laravel_Projects/RevisitLaravel/routes/console.php:6)
[stacktrace]
#0 {main}
"} 
[2024-10-15 08:05:27] local.ERROR: Cannot use positional argument after named argument {"exception":"[object] (Symfony\\Component\\ErrorHandler\\Error\\FatalError(code: 0): Cannot use positional argument after named argument at /home/tk-lpt-0530/Documents/Laravel_Projects/RevisitLaravel/routes/console.php:6)
[stacktrace]
#0 {main}
"} 
[2024-10-15 08:05:27] local.ERROR: Cannot use positional argument after named argument {"exception":"[object] (Symfony\\Component\\ErrorHandler\\Error\\FatalError(code: 0): Cannot use positional argument after named argument at /home/tk-lpt-0530/Documents/Laravel_Projects/RevisitLaravel/routes/console.php:6)
[stacktrace]
#0 {main}
"} 
[2024-10-15 08:06:27] local.ERROR: Cannot use positional argument after named argument {"exception":"[object] (Symfony\\Component\\ErrorHandler\\Error\\FatalError(code: 0): Cannot use positional argument after named argument at /home/tk-lpt-0530/Documents/Laravel_Projects/RevisitLaravel/routes/console.php:6)
[stacktrace]
#0 {main}
"} 
[2024-10-15 08:06:27] local.ERROR: Cannot use positional argument after named argument {"exception":"[object] (Symfony\\Component\\ErrorHandler\\Error\\FatalError(code: 0): Cannot use positional argument after named argument at /home/tk-lpt-0530/Documents/Laravel_Projects/RevisitLaravel/routes/console.php:6)
[stacktrace]
#0 {main}
"} 
[2024-10-15 08:07:27] local.ERROR: Cannot use positional argument after named argument {"exception":"[object] (Symfony\\Component\\ErrorHandler\\Error\\FatalError(code: 0): Cannot use positional argument after named argument at /home/tk-lpt-0530/Documents/Laravel_Projects/RevisitLaravel/routes/console.php:6)
[stacktrace]
#0 {main}
"} 
[2024-10-15 08:07:27] local.ERROR: Cannot use positional argument after named argument {"exception":"[object] (Symfony\\Component\\ErrorHandler\\Error\\FatalError(code: 0): Cannot use positional argument after named argument at /home/tk-lpt-0530/Documents/Laravel_Projects/RevisitLaravel/routes/console.php:6)
[stacktrace]
#0 {main}
"} 
[2024-10-15 08:07:27] local.ERROR: Cannot use positional argument after named argument {"exception":"[object] (Symfony\\Component\\ErrorHandler\\Error\\FatalError(code: 0): Cannot use positional argument after named argument at /home/tk-lpt-0530/Documents/Laravel_Projects/RevisitLaravel/routes/console.php:6)
[stacktrace]
#0 {main}
"} 
[2024-10-15 08:07:27] local.ERROR: Cannot use positional argument after named argument {"exception":"[object] (Symfony\\Component\\ErrorHandler\\Error\\FatalError(code: 0): Cannot use positional argument after named argument at /home/tk-lpt-0530/Documents/Laravel_Projects/RevisitLaravel/routes/console.php:6)
[stacktrace]
#0 {main}
"} 
[2024-10-15 08:08:27] local.ERROR: Cannot use positional argument after named argument {"exception":"[object] (Symfony\\Component\\ErrorHandler\\Error\\FatalError(code: 0): Cannot use positional argument after named argument at /home/tk-lpt-0530/Documents/Laravel_Projects/RevisitLaravel/routes/console.php:6)
[stacktrace]
#0 {main}
"} 
[2024-10-15 08:08:27] local.ERROR: Cannot use positional argument after named argument {"exception":"[object] (Symfony\\Component\\ErrorHandler\\Error\\FatalError(code: 0): Cannot use positional argument after named argument at /home/tk-lpt-0530/Documents/Laravel_Projects/RevisitLaravel/routes/console.php:6)
[stacktrace]
#0 {main}
"} 
[2024-10-15 08:09:27] local.ERROR: Cannot use positional argument after named argument {"exception":"[object] (Symfony\\Component\\ErrorHandler\\Error\\FatalError(code: 0): Cannot use positional argument after named argument at /home/tk-lpt-0530/Documents/Laravel_Projects/RevisitLaravel/routes/console.php:6)
[stacktrace]
#0 {main}
"} 
[2024-10-15 08:09:27] local.ERROR: Cannot use positional argument after named argument {"exception":"[object] (Symfony\\Component\\ErrorHandler\\Error\\FatalError(code: 0): Cannot use positional argument after named argument at /home/tk-lpt-0530/Documents/Laravel_Projects/RevisitLaravel/routes/console.php:6)
[stacktrace]
#0 {main}
"} 
[2024-10-15 08:10:27] local.ERROR: Cannot use positional argument after named argument {"exception":"[object] (Symfony\\Component\\ErrorHandler\\Error\\FatalError(code: 0): Cannot use positional argument after named argument at /home/tk-lpt-0530/Documents/Laravel_Projects/RevisitLaravel/routes/console.php:6)
[stacktrace]
#0 {main}
"} 
[2024-10-15 08:10:27] local.ERROR: Cannot use positional argument after named argument {"exception":"[object] (Symfony\\Component\\ErrorHandler\\Error\\FatalError(code: 0): Cannot use positional argument after named argument at /home/tk-lpt-0530/Documents/Laravel_Projects/RevisitLaravel/routes/console.php:6)
[stacktrace]
#0 {main}
"} 
[2024-10-15 08:11:27] local.ERROR: Cannot use positional argument after named argument {"exception":"[object] (Symfony\\Component\\ErrorHandler\\Error\\FatalError(code: 0): Cannot use positional argument after named argument at /home/tk-lpt-0530/Documents/Laravel_Projects/RevisitLaravel/routes/console.php:6)
[stacktrace]
#0 {main}
"} 
[2024-10-15 08:11:27] local.ERROR: Cannot use positional argument after named argument {"exception":"[object] (Symfony\\Component\\ErrorHandler\\Error\\FatalError(code: 0): Cannot use positional argument after named argument at /home/tk-lpt-0530/Documents/Laravel_Projects/RevisitLaravel/routes/console.php:6)
[stacktrace]
#0 {main}
"} 
[2024-10-15 08:12:27] local.ERROR: Cannot use positional argument after named argument {"exception":"[object] (Symfony\\Component\\ErrorHandler\\Error\\FatalError(code: 0): Cannot use positional argument after named argument at /home/tk-lpt-0530/Documents/Laravel_Projects/RevisitLaravel/routes/console.php:6)
[stacktrace]
#0 {main}
"} 
[2024-10-15 08:12:27] local.ERROR: Cannot use positional argument after named argument {"exception":"[object] (Symfony\\Component\\ErrorHandler\\Error\\FatalError(code: 0): Cannot use positional argument after named argument at /home/tk-lpt-0530/Documents/Laravel_Projects/RevisitLaravel/routes/console.php:6)
[stacktrace]
#0 {main}
"} 
[2024-10-15 08:13:27] local.ERROR: Cannot use positional argument after named argument {"exception":"[object] (Symfony\\Component\\ErrorHandler\\Error\\FatalError(code: 0): Cannot use positional argument after named argument at /home/tk-lpt-0530/Documents/Laravel_Projects/RevisitLaravel/routes/console.php:6)
[stacktrace]
#0 {main}
"} 
[2024-10-15 08:13:27] local.ERROR: Cannot use positional argument after named argument {"exception":"[object] (Symfony\\Component\\ErrorHandler\\Error\\FatalError(code: 0): Cannot use positional argument after named argument at /home/tk-lpt-0530/Documents/Laravel_Projects/RevisitLaravel/routes/console.php:6)
[stacktrace]
#0 {main}
"} 
[2024-10-15 08:14:27] local.ERROR: Cannot use positional argument after named argument {"exception":"[object] (Symfony\\Component\\ErrorHandler\\Error\\FatalError(code: 0): Cannot use positional argument after named argument at /home/tk-lpt-0530/Documents/Laravel_Projects/RevisitLaravel/routes/console.php:6)
[stacktrace]
#0 {main}
"} 
[2024-10-15 08:14:27] local.ERROR: Cannot use positional argument after named argument {"exception":"[object] (Symfony\\Component\\ErrorHandler\\Error\\FatalError(code: 0): Cannot use positional argument after named argument at /home/tk-lpt-0530/Documents/Laravel_Projects/RevisitLaravel/routes/console.php:6)
[stacktrace]
#0 {main}
"} 
[2024-10-15 08:15:27] local.ERROR: Cannot use positional argument after named argument {"exception":"[object] (Symfony\\Component\\ErrorHandler\\Error\\FatalError(code: 0): Cannot use positional argument after named argument at /home/tk-lpt-0530/Documents/Laravel_Projects/RevisitLaravel/routes/console.php:6)
[stacktrace]
#0 {main}
"} 
[2024-10-15 08:15:27] local.ERROR: Cannot use positional argument after named argument {"exception":"[object] (Symfony\\Component\\ErrorHandler\\Error\\FatalError(code: 0): Cannot use positional argument after named argument at /home/tk-lpt-0530/Documents/Laravel_Projects/RevisitLaravel/routes/console.php:6)
[stacktrace]
#0 {main}
"} 
[2024-10-15 08:16:27] local.ERROR: Cannot use positional argument after named argument {"exception":"[object] (Symfony\\Component\\ErrorHandler\\Error\\FatalError(code: 0): Cannot use positional argument after named argument at /home/tk-lpt-0530/Documents/Laravel_Projects/RevisitLaravel/routes/console.php:6)
[stacktrace]
#0 {main}
"} 
[2024-10-15 08:16:27] local.ERROR: Cannot use positional argument after named argument {"exception":"[object] (Symfony\\Component\\ErrorHandler\\Error\\FatalError(code: 0): Cannot use positional argument after named argument at /home/tk-lpt-0530/Documents/Laravel_Projects/RevisitLaravel/routes/console.php:6)
[stacktrace]
#0 {main}
"} 
[2024-10-15 08:17:27] local.ERROR: Cannot use positional argument after named argument {"exception":"[object] (Symfony\\Component\\ErrorHandler\\Error\\FatalError(code: 0): Cannot use positional argument after named argument at /home/tk-lpt-0530/Documents/Laravel_Projects/RevisitLaravel/routes/console.php:6)
[stacktrace]
#0 {main}
"} 
[2024-10-15 08:17:27] local.ERROR: Cannot use positional argument after named argument {"exception":"[object] (Symfony\\Component\\ErrorHandler\\Error\\FatalError(code: 0): Cannot use positional argument after named argument at /home/tk-lpt-0530/Documents/Laravel_Projects/RevisitLaravel/routes/console.php:6)
[stacktrace]
#0 {main}
"} 
[2024-10-15 08:17:27] local.ERROR: Cannot use positional argument after named argument {"exception":"[object] (Symfony\\Component\\ErrorHandler\\Error\\FatalError(code: 0): Cannot use positional argument after named argument at /home/tk-lpt-0530/Documents/Laravel_Projects/RevisitLaravel/routes/console.php:6)
[stacktrace]
#0 {main}
"} 
[2024-10-15 08:17:27] local.ERROR: Cannot use positional argument after named argument {"exception":"[object] (Symfony\\Component\\ErrorHandler\\Error\\FatalError(code: 0): Cannot use positional argument after named argument at /home/tk-lpt-0530/Documents/Laravel_Projects/RevisitLaravel/routes/console.php:6)
[stacktrace]
#0 {main}
"} 
[2024-10-15 08:18:27] local.ERROR: Cannot use positional argument after named argument {"exception":"[object] (Symfony\\Component\\ErrorHandler\\Error\\FatalError(code: 0): Cannot use positional argument after named argument at /home/tk-lpt-0530/Documents/Laravel_Projects/RevisitLaravel/routes/console.php:6)
[stacktrace]
#0 {main}
"} 
[2024-10-15 08:18:27] local.ERROR: Cannot use positional argument after named argument {"exception":"[object] (Symfony\\Component\\ErrorHandler\\Error\\FatalError(code: 0): Cannot use positional argument after named argument at /home/tk-lpt-0530/Documents/Laravel_Projects/RevisitLaravel/routes/console.php:6)
[stacktrace]
#0 {main}
"} 
[2024-10-15 08:19:27] local.ERROR: Cannot use positional argument after named argument {"exception":"[object] (Symfony\\Component\\ErrorHandler\\Error\\FatalError(code: 0): Cannot use positional argument after named argument at /home/tk-lpt-0530/Documents/Laravel_Projects/RevisitLaravel/routes/console.php:6)
[stacktrace]
#0 {main}
"} 
[2024-10-15 08:19:27] local.ERROR: Cannot use positional argument after named argument {"exception":"[object] (Symfony\\Component\\ErrorHandler\\Error\\FatalError(code: 0): Cannot use positional argument after named argument at /home/tk-lpt-0530/Documents/Laravel_Projects/RevisitLaravel/routes/console.php:6)
[stacktrace]
#0 {main}
"} 
[2024-10-15 08:20:27] local.ERROR: Cannot use positional argument after named argument {"exception":"[object] (Symfony\\Component\\ErrorHandler\\Error\\FatalError(code: 0): Cannot use positional argument after named argument at /home/tk-lpt-0530/Documents/Laravel_Projects/RevisitLaravel/routes/console.php:6)
[stacktrace]
#0 {main}
"} 
[2024-10-15 08:20:27] local.ERROR: Cannot use positional argument after named argument {"exception":"[object] (Symfony\\Component\\ErrorHandler\\Error\\FatalError(code: 0): Cannot use positional argument after named argument at /home/tk-lpt-0530/Documents/Laravel_Projects/RevisitLaravel/routes/console.php:6)
[stacktrace]
#0 {main}
"} 
[2024-10-15 08:21:27] local.ERROR: Cannot use positional argument after named argument {"exception":"[object] (Symfony\\Component\\ErrorHandler\\Error\\FatalError(code: 0): Cannot use positional argument after named argument at /home/tk-lpt-0530/Documents/Laravel_Projects/RevisitLaravel/routes/console.php:6)
[stacktrace]
#0 {main}
"} 
[2024-10-15 08:21:27] local.ERROR: Cannot use positional argument after named argument {"exception":"[object] (Symfony\\Component\\ErrorHandler\\Error\\FatalError(code: 0): Cannot use positional argument after named argument at /home/tk-lpt-0530/Documents/Laravel_Projects/RevisitLaravel/routes/console.php:6)
[stacktrace]
#0 {main}
"} 
[2024-10-15 08:22:27] local.ERROR: Cannot use positional argument after named argument {"exception":"[object] (Symfony\\Component\\ErrorHandler\\Error\\FatalError(code: 0): Cannot use positional argument after named argument at /home/tk-lpt-0530/Documents/Laravel_Projects/RevisitLaravel/routes/console.php:6)
[stacktrace]
#0 {main}
"} 
[2024-10-15 08:22:27] local.ERROR: Cannot use positional argument after named argument {"exception":"[object] (Symfony\\Component\\ErrorHandler\\Error\\FatalError(code: 0): Cannot use positional argument after named argument at /home/tk-lpt-0530/Documents/Laravel_Projects/RevisitLaravel/routes/console.php:6)
[stacktrace]
#0 {main}
"} 
[2024-10-15 08:23:27] local.ERROR: Cannot use positional argument after named argument {"exception":"[object] (Symfony\\Component\\ErrorHandler\\Error\\FatalError(code: 0): Cannot use positional argument after named argument at /home/tk-lpt-0530/Documents/Laravel_Projects/RevisitLaravel/routes/console.php:6)
[stacktrace]
#0 {main}
"} 
[2024-10-15 08:23:27] local.ERROR: Cannot use positional argument after named argument {"exception":"[object] (Symfony\\Component\\ErrorHandler\\Error\\FatalError(code: 0): Cannot use positional argument after named argument at /home/tk-lpt-0530/Documents/Laravel_Projects/RevisitLaravel/routes/console.php:6)
[stacktrace]
#0 {main}
"} 
[2024-10-15 08:24:27] local.ERROR: Cannot use positional argument after named argument {"exception":"[object] (Symfony\\Component\\ErrorHandler\\Error\\FatalError(code: 0): Cannot use positional argument after named argument at /home/tk-lpt-0530/Documents/Laravel_Projects/RevisitLaravel/routes/console.php:6)
[stacktrace]
#0 {main}
"} 
[2024-10-15 08:24:27] local.ERROR: Cannot use positional argument after named argument {"exception":"[object] (Symfony\\Component\\ErrorHandler\\Error\\FatalError(code: 0): Cannot use positional argument after named argument at /home/tk-lpt-0530/Documents/Laravel_Projects/RevisitLaravel/routes/console.php:6)
[stacktrace]
#0 {main}
"} 
[2024-10-15 08:25:27] local.ERROR: Cannot use positional argument after named argument {"exception":"[object] (Symfony\\Component\\ErrorHandler\\Error\\FatalError(code: 0): Cannot use positional argument after named argument at /home/tk-lpt-0530/Documents/Laravel_Projects/RevisitLaravel/routes/console.php:6)
[stacktrace]
#0 {main}
"} 
[2024-10-15 08:25:27] local.ERROR: Cannot use positional argument after named argument {"exception":"[object] (Symfony\\Component\\ErrorHandler\\Error\\FatalError(code: 0): Cannot use positional argument after named argument at /home/tk-lpt-0530/Documents/Laravel_Projects/RevisitLaravel/routes/console.php:6)
[stacktrace]
#0 {main}
"} 
[2024-10-15 08:26:27] local.ERROR: Cannot use positional argument after named argument {"exception":"[object] (Symfony\\Component\\ErrorHandler\\Error\\FatalError(code: 0): Cannot use positional argument after named argument at /home/tk-lpt-0530/Documents/Laravel_Projects/RevisitLaravel/routes/console.php:6)
[stacktrace]
#0 {main}
"} 
[2024-10-15 08:26:27] local.ERROR: Cannot use positional argument after named argument {"exception":"[object] (Symfony\\Component\\ErrorHandler\\Error\\FatalError(code: 0): Cannot use positional argument after named argument at /home/tk-lpt-0530/Documents/Laravel_Projects/RevisitLaravel/routes/console.php:6)
[stacktrace]
#0 {main}
"} 
[2024-10-15 08:27:27] local.ERROR: Cannot use positional argument after named argument {"exception":"[object] (Symfony\\Component\\ErrorHandler\\Error\\FatalError(code: 0): Cannot use positional argument after named argument at /home/tk-lpt-0530/Documents/Laravel_Projects/RevisitLaravel/routes/console.php:6)
[stacktrace]
#0 {main}
"} 
[2024-10-15 08:27:27] local.ERROR: Cannot use positional argument after named argument {"exception":"[object] (Symfony\\Component\\ErrorHandler\\Error\\FatalError(code: 0): Cannot use positional argument after named argument at /home/tk-lpt-0530/Documents/Laravel_Projects/RevisitLaravel/routes/console.php:6)
[stacktrace]
#0 {main}
"} 
[2024-10-15 08:27:27] local.ERROR: Cannot use positional argument after named argument {"exception":"[object] (Symfony\\Component\\ErrorHandler\\Error\\FatalError(code: 0): Cannot use positional argument after named argument at /home/tk-lpt-0530/Documents/Laravel_Projects/RevisitLaravel/routes/console.php:6)
[stacktrace]
#0 {main}
"} 
[2024-10-15 08:27:27] local.ERROR: Cannot use positional argument after named argument {"exception":"[object] (Symfony\\Component\\ErrorHandler\\Error\\FatalError(code: 0): Cannot use positional argument after named argument at /home/tk-lpt-0530/Documents/Laravel_Projects/RevisitLaravel/routes/console.php:6)
[stacktrace]
#0 {main}
"} 
[2024-10-15 08:28:27] local.ERROR: Cannot use positional argument after named argument {"exception":"[object] (Symfony\\Component\\ErrorHandler\\Error\\FatalError(code: 0): Cannot use positional argument after named argument at /home/tk-lpt-0530/Documents/Laravel_Projects/RevisitLaravel/routes/console.php:6)
[stacktrace]
#0 {main}
"} 
[2024-10-15 08:28:27] local.ERROR: Cannot use positional argument after named argument {"exception":"[object] (Symfony\\Component\\ErrorHandler\\Error\\FatalError(code: 0): Cannot use positional argument after named argument at /home/tk-lpt-0530/Documents/Laravel_Projects/RevisitLaravel/routes/console.php:6)
[stacktrace]
#0 {main}
"} 
[2024-10-15 08:29:27] local.ERROR: Cannot use positional argument after named argument {"exception":"[object] (Symfony\\Component\\ErrorHandler\\Error\\FatalError(code: 0): Cannot use positional argument after named argument at /home/tk-lpt-0530/Documents/Laravel_Projects/RevisitLaravel/routes/console.php:6)
[stacktrace]
#0 {main}
"} 
[2024-10-15 08:29:27] local.ERROR: Cannot use positional argument after named argument {"exception":"[object] (Symfony\\Component\\ErrorHandler\\Error\\FatalError(code: 0): Cannot use positional argument after named argument at /home/tk-lpt-0530/Documents/Laravel_Projects/RevisitLaravel/routes/console.php:6)
[stacktrace]
#0 {main}
"} 
[2024-10-15 08:30:27] local.ERROR: Cannot use positional argument after named argument {"exception":"[object] (Symfony\\Component\\ErrorHandler\\Error\\FatalError(code: 0): Cannot use positional argument after named argument at /home/tk-lpt-0530/Documents/Laravel_Projects/RevisitLaravel/routes/console.php:6)
[stacktrace]
#0 {main}
"} 
[2024-10-15 08:30:27] local.ERROR: Cannot use positional argument after named argument {"exception":"[object] (Symfony\\Component\\ErrorHandler\\Error\\FatalError(code: 0): Cannot use positional argument after named argument at /home/tk-lpt-0530/Documents/Laravel_Projects/RevisitLaravel/routes/console.php:6)
[stacktrace]
#0 {main}
"} 
[2024-10-15 08:31:27] local.ERROR: Cannot use positional argument after named argument {"exception":"[object] (Symfony\\Component\\ErrorHandler\\Error\\FatalError(code: 0): Cannot use positional argument after named argument at /home/tk-lpt-0530/Documents/Laravel_Projects/RevisitLaravel/routes/console.php:6)
[stacktrace]
#0 {main}
"} 
[2024-10-15 08:31:27] local.ERROR: Cannot use positional argument after named argument {"exception":"[object] (Symfony\\Component\\ErrorHandler\\Error\\FatalError(code: 0): Cannot use positional argument after named argument at /home/tk-lpt-0530/Documents/Laravel_Projects/RevisitLaravel/routes/console.php:6)
[stacktrace]
#0 {main}
"} 
[2024-10-15 08:32:27] local.ERROR: Cannot use positional argument after named argument {"exception":"[object] (Symfony\\Component\\ErrorHandler\\Error\\FatalError(code: 0): Cannot use positional argument after named argument at /home/tk-lpt-0530/Documents/Laravel_Projects/RevisitLaravel/routes/console.php:6)
[stacktrace]
#0 {main}
"} 
[2024-10-15 08:32:27] local.ERROR: Cannot use positional argument after named argument {"exception":"[object] (Symfony\\Component\\ErrorHandler\\Error\\FatalError(code: 0): Cannot use positional argument after named argument at /home/tk-lpt-0530/Documents/Laravel_Projects/RevisitLaravel/routes/console.php:6)
[stacktrace]
#0 {main}
"} 
[2024-10-15 08:33:27] local.ERROR: Cannot use positional argument after named argument {"exception":"[object] (Symfony\\Component\\ErrorHandler\\Error\\FatalError(code: 0): Cannot use positional argument after named argument at /home/tk-lpt-0530/Documents/Laravel_Projects/RevisitLaravel/routes/console.php:6)
[stacktrace]
#0 {main}
"} 
[2024-10-15 08:33:27] local.ERROR: Cannot use positional argument after named argument {"exception":"[object] (Symfony\\Component\\ErrorHandler\\Error\\FatalError(code: 0): Cannot use positional argument after named argument at /home/tk-lpt-0530/Documents/Laravel_Projects/RevisitLaravel/routes/console.php:6)
[stacktrace]
#0 {main}
"} 
[2024-10-15 08:34:27] local.ERROR: Cannot use positional argument after named argument {"exception":"[object] (Symfony\\Component\\ErrorHandler\\Error\\FatalError(code: 0): Cannot use positional argument after named argument at /home/tk-lpt-0530/Documents/Laravel_Projects/RevisitLaravel/routes/console.php:6)
[stacktrace]
#0 {main}
"} 
[2024-10-15 08:34:27] local.ERROR: Cannot use positional argument after named argument {"exception":"[object] (Symfony\\Component\\ErrorHandler\\Error\\FatalError(code: 0): Cannot use positional argument after named argument at /home/tk-lpt-0530/Documents/Laravel_Projects/RevisitLaravel/routes/console.php:6)
[stacktrace]
#0 {main}
"} 
[2024-10-15 08:35:27] local.ERROR: Cannot use positional argument after named argument {"exception":"[object] (Symfony\\Component\\ErrorHandler\\Error\\FatalError(code: 0): Cannot use positional argument after named argument at /home/tk-lpt-0530/Documents/Laravel_Projects/RevisitLaravel/routes/console.php:6)
[stacktrace]
#0 {main}
"} 
[2024-10-15 08:35:27] local.ERROR: Cannot use positional argument after named argument {"exception":"[object] (Symfony\\Component\\ErrorHandler\\Error\\FatalError(code: 0): Cannot use positional argument after named argument at /home/tk-lpt-0530/Documents/Laravel_Projects/RevisitLaravel/routes/console.php:6)
[stacktrace]
#0 {main}
"} 
[2024-10-15 08:36:27] local.ERROR: Cannot use positional argument after named argument {"exception":"[object] (Symfony\\Component\\ErrorHandler\\Error\\FatalError(code: 0): Cannot use positional argument after named argument at /home/tk-lpt-0530/Documents/Laravel_Projects/RevisitLaravel/routes/console.php:6)
[stacktrace]
#0 {main}
"} 
[2024-10-15 08:36:27] local.ERROR: Cannot use positional argument after named argument {"exception":"[object] (Symfony\\Component\\ErrorHandler\\Error\\FatalError(code: 0): Cannot use positional argument after named argument at /home/tk-lpt-0530/Documents/Laravel_Projects/RevisitLaravel/routes/console.php:6)
[stacktrace]
#0 {main}
"} 
[2024-10-15 08:37:27] local.ERROR: Cannot use positional argument after named argument {"exception":"[object] (Symfony\\Component\\ErrorHandler\\Error\\FatalError(code: 0): Cannot use positional argument after named argument at /home/tk-lpt-0530/Documents/Laravel_Projects/RevisitLaravel/routes/console.php:6)
[stacktrace]
#0 {main}
"} 
[2024-10-15 08:37:27] local.ERROR: Cannot use positional argument after named argument {"exception":"[object] (Symfony\\Component\\ErrorHandler\\Error\\FatalError(code: 0): Cannot use positional argument after named argument at /home/tk-lpt-0530/Documents/Laravel_Projects/RevisitLaravel/routes/console.php:6)
[stacktrace]
#0 {main}
"} 
[2024-10-15 08:37:27] local.ERROR: Cannot use positional argument after named argument {"exception":"[object] (Symfony\\Component\\ErrorHandler\\Error\\FatalError(code: 0): Cannot use positional argument after named argument at /home/tk-lpt-0530/Documents/Laravel_Projects/RevisitLaravel/routes/console.php:6)
[stacktrace]
#0 {main}
"} 
[2024-10-15 08:37:27] local.ERROR: Cannot use positional argument after named argument {"exception":"[object] (Symfony\\Component\\ErrorHandler\\Error\\FatalError(code: 0): Cannot use positional argument after named argument at /home/tk-lpt-0530/Documents/Laravel_Projects/RevisitLaravel/routes/console.php:6)
[stacktrace]
#0 {main}
"} 
[2024-10-15 08:38:27] local.ERROR: Cannot use positional argument after named argument {"exception":"[object] (Symfony\\Component\\ErrorHandler\\Error\\FatalError(code: 0): Cannot use positional argument after named argument at /home/tk-lpt-0530/Documents/Laravel_Projects/RevisitLaravel/routes/console.php:6)
[stacktrace]
#0 {main}
"} 
[2024-10-15 08:38:27] local.ERROR: Cannot use positional argument after named argument {"exception":"[object] (Symfony\\Component\\ErrorHandler\\Error\\FatalError(code: 0): Cannot use positional argument after named argument at /home/tk-lpt-0530/Documents/Laravel_Projects/RevisitLaravel/routes/console.php:6)
[stacktrace]
#0 {main}
"} 
[2024-10-15 08:39:27] local.ERROR: Cannot use positional argument after named argument {"exception":"[object] (Symfony\\Component\\ErrorHandler\\Error\\FatalError(code: 0): Cannot use positional argument after named argument at /home/tk-lpt-0530/Documents/Laravel_Projects/RevisitLaravel/routes/console.php:6)
[stacktrace]
#0 {main}
"} 
[2024-10-15 08:39:27] local.ERROR: Cannot use positional argument after named argument {"exception":"[object] (Symfony\\Component\\ErrorHandler\\Error\\FatalError(code: 0): Cannot use positional argument after named argument at /home/tk-lpt-0530/Documents/Laravel_Projects/RevisitLaravel/routes/console.php:6)
[stacktrace]
#0 {main}
"} 
[2024-10-15 08:40:27] local.ERROR: Cannot use positional argument after named argument {"exception":"[object] (Symfony\\Component\\ErrorHandler\\Error\\FatalError(code: 0): Cannot use positional argument after named argument at /home/tk-lpt-0530/Documents/Laravel_Projects/RevisitLaravel/routes/console.php:6)
[stacktrace]
#0 {main}
"} 
[2024-10-15 08:40:27] local.ERROR: Cannot use positional argument after named argument {"exception":"[object] (Symfony\\Component\\ErrorHandler\\Error\\FatalError(code: 0): Cannot use positional argument after named argument at /home/tk-lpt-0530/Documents/Laravel_Projects/RevisitLaravel/routes/console.php:6)
[stacktrace]
#0 {main}
"} 
[2024-10-15 08:41:27] local.ERROR: Cannot use positional argument after named argument {"exception":"[object] (Symfony\\Component\\ErrorHandler\\Error\\FatalError(code: 0): Cannot use positional argument after named argument at /home/tk-lpt-0530/Documents/Laravel_Projects/RevisitLaravel/routes/console.php:6)
[stacktrace]
#0 {main}
"} 
[2024-10-15 08:41:27] local.ERROR: Cannot use positional argument after named argument {"exception":"[object] (Symfony\\Component\\ErrorHandler\\Error\\FatalError(code: 0): Cannot use positional argument after named argument at /home/tk-lpt-0530/Documents/Laravel_Projects/RevisitLaravel/routes/console.php:6)
[stacktrace]
#0 {main}
"} 
[2024-10-15 08:42:27] local.ERROR: Cannot use positional argument after named argument {"exception":"[object] (Symfony\\Component\\ErrorHandler\\Error\\FatalError(code: 0): Cannot use positional argument after named argument at /home/tk-lpt-0530/Documents/Laravel_Projects/RevisitLaravel/routes/console.php:6)
[stacktrace]
#0 {main}
"} 
[2024-10-15 08:42:27] local.ERROR: Cannot use positional argument after named argument {"exception":"[object] (Symfony\\Component\\ErrorHandler\\Error\\FatalError(code: 0): Cannot use positional argument after named argument at /home/tk-lpt-0530/Documents/Laravel_Projects/RevisitLaravel/routes/console.php:6)
[stacktrace]
#0 {main}
"} 
[2024-10-15 08:43:27] local.ERROR: Cannot use positional argument after named argument {"exception":"[object] (Symfony\\Component\\ErrorHandler\\Error\\FatalError(code: 0): Cannot use positional argument after named argument at /home/tk-lpt-0530/Documents/Laravel_Projects/RevisitLaravel/routes/console.php:6)
[stacktrace]
#0 {main}
"} 
[2024-10-15 08:43:27] local.ERROR: Cannot use positional argument after named argument {"exception":"[object] (Symfony\\Component\\ErrorHandler\\Error\\FatalError(code: 0): Cannot use positional argument after named argument at /home/tk-lpt-0530/Documents/Laravel_Projects/RevisitLaravel/routes/console.php:6)
[stacktrace]
#0 {main}
"} 
[2024-10-15 08:44:27] local.ERROR: Cannot use positional argument after named argument {"exception":"[object] (Symfony\\Component\\ErrorHandler\\Error\\FatalError(code: 0): Cannot use positional argument after named argument at /home/tk-lpt-0530/Documents/Laravel_Projects/RevisitLaravel/routes/console.php:6)
[stacktrace]
#0 {main}
"} 
[2024-10-15 08:44:27] local.ERROR: Cannot use positional argument after named argument {"exception":"[object] (Symfony\\Component\\ErrorHandler\\Error\\FatalError(code: 0): Cannot use positional argument after named argument at /home/tk-lpt-0530/Documents/Laravel_Projects/RevisitLaravel/routes/console.php:6)
[stacktrace]
#0 {main}
"} 
[2024-10-15 08:45:27] local.ERROR: Cannot use positional argument after named argument {"exception":"[object] (Symfony\\Component\\ErrorHandler\\Error\\FatalError(code: 0): Cannot use positional argument after named argument at /home/tk-lpt-0530/Documents/Laravel_Projects/RevisitLaravel/routes/console.php:6)
[stacktrace]
#0 {main}
"} 
[2024-10-15 08:45:27] local.ERROR: Cannot use positional argument after named argument {"exception":"[object] (Symfony\\Component\\ErrorHandler\\Error\\FatalError(code: 0): Cannot use positional argument after named argument at /home/tk-lpt-0530/Documents/Laravel_Projects/RevisitLaravel/routes/console.php:6)
[stacktrace]
#0 {main}
"} 
[2024-10-15 08:46:27] local.ERROR: Cannot use positional argument after named argument {"exception":"[object] (Symfony\\Component\\ErrorHandler\\Error\\FatalError(code: 0): Cannot use positional argument after named argument at /home/tk-lpt-0530/Documents/Laravel_Projects/RevisitLaravel/routes/console.php:6)
[stacktrace]
#0 {main}
"} 
[2024-10-15 08:46:27] local.ERROR: Cannot use positional argument after named argument {"exception":"[object] (Symfony\\Component\\ErrorHandler\\Error\\FatalError(code: 0): Cannot use positional argument after named argument at /home/tk-lpt-0530/Documents/Laravel_Projects/RevisitLaravel/routes/console.php:6)
[stacktrace]
#0 {main}
"} 
[2024-10-15 08:47:27] local.ERROR: Cannot use positional argument after named argument {"exception":"[object] (Symfony\\Component\\ErrorHandler\\Error\\FatalError(code: 0): Cannot use positional argument after named argument at /home/tk-lpt-0530/Documents/Laravel_Projects/RevisitLaravel/routes/console.php:6)
[stacktrace]
#0 {main}
"} 
[2024-10-15 08:47:27] local.ERROR: Cannot use positional argument after named argument {"exception":"[object] (Symfony\\Component\\ErrorHandler\\Error\\FatalError(code: 0): Cannot use positional argument after named argument at /home/tk-lpt-0530/Documents/Laravel_Projects/RevisitLaravel/routes/console.php:6)
[stacktrace]
#0 {main}
"} 
[2024-10-15 08:47:27] local.ERROR: Cannot use positional argument after named argument {"exception":"[object] (Symfony\\Component\\ErrorHandler\\Error\\FatalError(code: 0): Cannot use positional argument after named argument at /home/tk-lpt-0530/Documents/Laravel_Projects/RevisitLaravel/routes/console.php:6)
[stacktrace]
#0 {main}
"} 
[2024-10-15 08:47:27] local.ERROR: Cannot use positional argument after named argument {"exception":"[object] (Symfony\\Component\\ErrorHandler\\Error\\FatalError(code: 0): Cannot use positional argument after named argument at /home/tk-lpt-0530/Documents/Laravel_Projects/RevisitLaravel/routes/console.php:6)
[stacktrace]
#0 {main}
"} 
[2024-10-15 08:48:27] local.ERROR: Cannot use positional argument after named argument {"exception":"[object] (Symfony\\Component\\ErrorHandler\\Error\\FatalError(code: 0): Cannot use positional argument after named argument at /home/tk-lpt-0530/Documents/Laravel_Projects/RevisitLaravel/routes/console.php:6)
[stacktrace]
#0 {main}
"} 
[2024-10-15 08:48:27] local.ERROR: Cannot use positional argument after named argument {"exception":"[object] (Symfony\\Component\\ErrorHandler\\Error\\FatalError(code: 0): Cannot use positional argument after named argument at /home/tk-lpt-0530/Documents/Laravel_Projects/RevisitLaravel/routes/console.php:6)
[stacktrace]
#0 {main}
"} 
[2024-10-15 08:49:27] local.ERROR: Cannot use positional argument after named argument {"exception":"[object] (Symfony\\Component\\ErrorHandler\\Error\\FatalError(code: 0): Cannot use positional argument after named argument at /home/tk-lpt-0530/Documents/Laravel_Projects/RevisitLaravel/routes/console.php:6)
[stacktrace]
#0 {main}
"} 
[2024-10-15 08:49:27] local.ERROR: Cannot use positional argument after named argument {"exception":"[object] (Symfony\\Component\\ErrorHandler\\Error\\FatalError(code: 0): Cannot use positional argument after named argument at /home/tk-lpt-0530/Documents/Laravel_Projects/RevisitLaravel/routes/console.php:6)
[stacktrace]
#0 {main}
"} 
[2024-10-15 08:50:27] local.ERROR: Cannot use positional argument after named argument {"exception":"[object] (Symfony\\Component\\ErrorHandler\\Error\\FatalError(code: 0): Cannot use positional argument after named argument at /home/tk-lpt-0530/Documents/Laravel_Projects/RevisitLaravel/routes/console.php:6)
[stacktrace]
#0 {main}
"} 
[2024-10-15 08:50:27] local.ERROR: Cannot use positional argument after named argument {"exception":"[object] (Symfony\\Component\\ErrorHandler\\Error\\FatalError(code: 0): Cannot use positional argument after named argument at /home/tk-lpt-0530/Documents/Laravel_Projects/RevisitLaravel/routes/console.php:6)
[stacktrace]
#0 {main}
"} 
[2024-10-15 08:51:27] local.ERROR: Cannot use positional argument after named argument {"exception":"[object] (Symfony\\Component\\ErrorHandler\\Error\\FatalError(code: 0): Cannot use positional argument after named argument at /home/tk-lpt-0530/Documents/Laravel_Projects/RevisitLaravel/routes/console.php:6)
[stacktrace]
#0 {main}
"} 
[2024-10-15 08:51:27] local.ERROR: Cannot use positional argument after named argument {"exception":"[object] (Symfony\\Component\\ErrorHandler\\Error\\FatalError(code: 0): Cannot use positional argument after named argument at /home/tk-lpt-0530/Documents/Laravel_Projects/RevisitLaravel/routes/console.php:6)
[stacktrace]
#0 {main}
"} 
[2024-10-15 08:52:27] local.ERROR: Cannot use positional argument after named argument {"exception":"[object] (Symfony\\Component\\ErrorHandler\\Error\\FatalError(code: 0): Cannot use positional argument after named argument at /home/tk-lpt-0530/Documents/Laravel_Projects/RevisitLaravel/routes/console.php:6)
[stacktrace]
#0 {main}
"} 
[2024-10-15 08:52:27] local.ERROR: Cannot use positional argument after named argument {"exception":"[object] (Symfony\\Component\\ErrorHandler\\Error\\FatalError(code: 0): Cannot use positional argument after named argument at /home/tk-lpt-0530/Documents/Laravel_Projects/RevisitLaravel/routes/console.php:6)
[stacktrace]
#0 {main}
"} 
[2024-10-15 08:53:27] local.ERROR: Cannot use positional argument after named argument {"exception":"[object] (Symfony\\Component\\ErrorHandler\\Error\\FatalError(code: 0): Cannot use positional argument after named argument at /home/tk-lpt-0530/Documents/Laravel_Projects/RevisitLaravel/routes/console.php:6)
[stacktrace]
#0 {main}
"} 
[2024-10-15 08:53:27] local.ERROR: Cannot use positional argument after named argument {"exception":"[object] (Symfony\\Component\\ErrorHandler\\Error\\FatalError(code: 0): Cannot use positional argument after named argument at /home/tk-lpt-0530/Documents/Laravel_Projects/RevisitLaravel/routes/console.php:6)
[stacktrace]
#0 {main}
"} 
[2024-10-15 08:54:27] local.ERROR: Cannot use positional argument after named argument {"exception":"[object] (Symfony\\Component\\ErrorHandler\\Error\\FatalError(code: 0): Cannot use positional argument after named argument at /home/tk-lpt-0530/Documents/Laravel_Projects/RevisitLaravel/routes/console.php:6)
[stacktrace]
#0 {main}
"} 
[2024-10-15 08:54:27] local.ERROR: Cannot use positional argument after named argument {"exception":"[object] (Symfony\\Component\\ErrorHandler\\Error\\FatalError(code: 0): Cannot use positional argument after named argument at /home/tk-lpt-0530/Documents/Laravel_Projects/RevisitLaravel/routes/console.php:6)
[stacktrace]
#0 {main}
"} 
[2024-10-15 08:55:27] local.ERROR: Cannot use positional argument after named argument {"exception":"[object] (Symfony\\Component\\ErrorHandler\\Error\\FatalError(code: 0): Cannot use positional argument after named argument at /home/tk-lpt-0530/Documents/Laravel_Projects/RevisitLaravel/routes/console.php:6)
[stacktrace]
#0 {main}
"} 
[2024-10-15 08:55:27] local.ERROR: Cannot use positional argument after named argument {"exception":"[object] (Symfony\\Component\\ErrorHandler\\Error\\FatalError(code: 0): Cannot use positional argument after named argument at /home/tk-lpt-0530/Documents/Laravel_Projects/RevisitLaravel/routes/console.php:6)
[stacktrace]
#0 {main}
"} 
[2024-10-15 08:56:27] local.ERROR: Cannot use positional argument after named argument {"exception":"[object] (Symfony\\Component\\ErrorHandler\\Error\\FatalError(code: 0): Cannot use positional argument after named argument at /home/tk-lpt-0530/Documents/Laravel_Projects/RevisitLaravel/routes/console.php:6)
[stacktrace]
#0 {main}
"} 
[2024-10-15 08:56:27] local.ERROR: Cannot use positional argument after named argument {"exception":"[object] (Symfony\\Component\\ErrorHandler\\Error\\FatalError(code: 0): Cannot use positional argument after named argument at /home/tk-lpt-0530/Documents/Laravel_Projects/RevisitLaravel/routes/console.php:6)
[stacktrace]
#0 {main}
"} 
[2024-10-15 08:57:27] local.ERROR: Cannot use positional argument after named argument {"exception":"[object] (Symfony\\Component\\ErrorHandler\\Error\\FatalError(code: 0): Cannot use positional argument after named argument at /home/tk-lpt-0530/Documents/Laravel_Projects/RevisitLaravel/routes/console.php:6)
[stacktrace]
#0 {main}
"} 
[2024-10-15 08:57:27] local.ERROR: Cannot use positional argument after named argument {"exception":"[object] (Symfony\\Component\\ErrorHandler\\Error\\FatalError(code: 0): Cannot use positional argument after named argument at /home/tk-lpt-0530/Documents/Laravel_Projects/RevisitLaravel/routes/console.php:6)
[stacktrace]
#0 {main}
"} 
[2024-10-15 08:57:27] local.ERROR: Cannot use positional argument after named argument {"exception":"[object] (Symfony\\Component\\ErrorHandler\\Error\\FatalError(code: 0): Cannot use positional argument after named argument at /home/tk-lpt-0530/Documents/Laravel_Projects/RevisitLaravel/routes/console.php:6)
[stacktrace]
#0 {main}
"} 
[2024-10-15 08:57:27] local.ERROR: Cannot use positional argument after named argument {"exception":"[object] (Symfony\\Component\\ErrorHandler\\Error\\FatalError(code: 0): Cannot use positional argument after named argument at /home/tk-lpt-0530/Documents/Laravel_Projects/RevisitLaravel/routes/console.php:6)
[stacktrace]
#0 {main}
"} 
[2024-10-15 08:58:27] local.ERROR: Cannot use positional argument after named argument {"exception":"[object] (Symfony\\Component\\ErrorHandler\\Error\\FatalError(code: 0): Cannot use positional argument after named argument at /home/tk-lpt-0530/Documents/Laravel_Projects/RevisitLaravel/routes/console.php:6)
[stacktrace]
#0 {main}
"} 
[2024-10-15 08:58:27] local.ERROR: Cannot use positional argument after named argument {"exception":"[object] (Symfony\\Component\\ErrorHandler\\Error\\FatalError(code: 0): Cannot use positional argument after named argument at /home/tk-lpt-0530/Documents/Laravel_Projects/RevisitLaravel/routes/console.php:6)
[stacktrace]
#0 {main}
"} 
[2024-10-15 08:59:27] local.ERROR: Cannot use positional argument after named argument {"exception":"[object] (Symfony\\Component\\ErrorHandler\\Error\\FatalError(code: 0): Cannot use positional argument after named argument at /home/tk-lpt-0530/Documents/Laravel_Projects/RevisitLaravel/routes/console.php:6)
[stacktrace]
#0 {main}
"} 
[2024-10-15 08:59:27] local.ERROR: Cannot use positional argument after named argument {"exception":"[object] (Symfony\\Component\\ErrorHandler\\Error\\FatalError(code: 0): Cannot use positional argument after named argument at /home/tk-lpt-0530/Documents/Laravel_Projects/RevisitLaravel/routes/console.php:6)
[stacktrace]
#0 {main}
"} 
[2024-10-15 09:00:27] local.ERROR: Cannot use positional argument after named argument {"exception":"[object] (Symfony\\Component\\ErrorHandler\\Error\\FatalError(code: 0): Cannot use positional argument after named argument at /home/tk-lpt-0530/Documents/Laravel_Projects/RevisitLaravel/routes/console.php:6)
[stacktrace]
#0 {main}
"} 
[2024-10-15 09:00:27] local.ERROR: Cannot use positional argument after named argument {"exception":"[object] (Symfony\\Component\\ErrorHandler\\Error\\FatalError(code: 0): Cannot use positional argument after named argument at /home/tk-lpt-0530/Documents/Laravel_Projects/RevisitLaravel/routes/console.php:6)
[stacktrace]
#0 {main}
"} 
[2024-10-15 09:01:27] local.ERROR: Cannot use positional argument after named argument {"exception":"[object] (Symfony\\Component\\ErrorHandler\\Error\\FatalError(code: 0): Cannot use positional argument after named argument at /home/tk-lpt-0530/Documents/Laravel_Projects/RevisitLaravel/routes/console.php:6)
[stacktrace]
#0 {main}
"} 
[2024-10-15 09:01:27] local.ERROR: Cannot use positional argument after named argument {"exception":"[object] (Symfony\\Component\\ErrorHandler\\Error\\FatalError(code: 0): Cannot use positional argument after named argument at /home/tk-lpt-0530/Documents/Laravel_Projects/RevisitLaravel/routes/console.php:6)
[stacktrace]
#0 {main}
"} 
[2024-10-15 09:02:27] local.ERROR: Cannot use positional argument after named argument {"exception":"[object] (Symfony\\Component\\ErrorHandler\\Error\\FatalError(code: 0): Cannot use positional argument after named argument at /home/tk-lpt-0530/Documents/Laravel_Projects/RevisitLaravel/routes/console.php:6)
[stacktrace]
#0 {main}
"} 
[2024-10-15 09:02:27] local.ERROR: Cannot use positional argument after named argument {"exception":"[object] (Symfony\\Component\\ErrorHandler\\Error\\FatalError(code: 0): Cannot use positional argument after named argument at /home/tk-lpt-0530/Documents/Laravel_Projects/RevisitLaravel/routes/console.php:6)
[stacktrace]
#0 {main}
"} 
[2024-10-15 09:03:27] local.ERROR: Cannot use positional argument after named argument {"exception":"[object] (Symfony\\Component\\ErrorHandler\\Error\\FatalError(code: 0): Cannot use positional argument after named argument at /home/tk-lpt-0530/Documents/Laravel_Projects/RevisitLaravel/routes/console.php:6)
[stacktrace]
#0 {main}
"} 
[2024-10-15 09:03:27] local.ERROR: Cannot use positional argument after named argument {"exception":"[object] (Symfony\\Component\\ErrorHandler\\Error\\FatalError(code: 0): Cannot use positional argument after named argument at /home/tk-lpt-0530/Documents/Laravel_Projects/RevisitLaravel/routes/console.php:6)
[stacktrace]
#0 {main}
"} 
[2024-10-15 09:04:27] local.ERROR: Cannot use positional argument after named argument {"exception":"[object] (Symfony\\Component\\ErrorHandler\\Error\\FatalError(code: 0): Cannot use positional argument after named argument at /home/tk-lpt-0530/Documents/Laravel_Projects/RevisitLaravel/routes/console.php:6)
[stacktrace]
#0 {main}
"} 
[2024-10-15 09:04:27] local.ERROR: Cannot use positional argument after named argument {"exception":"[object] (Symfony\\Component\\ErrorHandler\\Error\\FatalError(code: 0): Cannot use positional argument after named argument at /home/tk-lpt-0530/Documents/Laravel_Projects/RevisitLaravel/routes/console.php:6)
[stacktrace]
#0 {main}
"} 
[2024-10-15 09:05:27] local.ERROR: Cannot use positional argument after named argument {"exception":"[object] (Symfony\\Component\\ErrorHandler\\Error\\FatalError(code: 0): Cannot use positional argument after named argument at /home/tk-lpt-0530/Documents/Laravel_Projects/RevisitLaravel/routes/console.php:6)
[stacktrace]
#0 {main}
"} 
[2024-10-15 09:05:27] local.ERROR: Cannot use positional argument after named argument {"exception":"[object] (Symfony\\Component\\ErrorHandler\\Error\\FatalError(code: 0): Cannot use positional argument after named argument at /home/tk-lpt-0530/Documents/Laravel_Projects/RevisitLaravel/routes/console.php:6)
[stacktrace]
#0 {main}
"} 
[2024-10-15 09:06:27] local.ERROR: Cannot use positional argument after named argument {"exception":"[object] (Symfony\\Component\\ErrorHandler\\Error\\FatalError(code: 0): Cannot use positional argument after named argument at /home/tk-lpt-0530/Documents/Laravel_Projects/RevisitLaravel/routes/console.php:6)
[stacktrace]
#0 {main}
"} 
[2024-10-15 09:06:27] local.ERROR: Cannot use positional argument after named argument {"exception":"[object] (Symfony\\Component\\ErrorHandler\\Error\\FatalError(code: 0): Cannot use positional argument after named argument at /home/tk-lpt-0530/Documents/Laravel_Projects/RevisitLaravel/routes/console.php:6)
[stacktrace]
#0 {main}
"} 
[2024-10-15 09:07:27] local.ERROR: Cannot use positional argument after named argument {"exception":"[object] (Symfony\\Component\\ErrorHandler\\Error\\FatalError(code: 0): Cannot use positional argument after named argument at /home/tk-lpt-0530/Documents/Laravel_Projects/RevisitLaravel/routes/console.php:6)
[stacktrace]
#0 {main}
"} 
[2024-10-15 09:07:27] local.ERROR: Cannot use positional argument after named argument {"exception":"[object] (Symfony\\Component\\ErrorHandler\\Error\\FatalError(code: 0): Cannot use positional argument after named argument at /home/tk-lpt-0530/Documents/Laravel_Projects/RevisitLaravel/routes/console.php:6)
[stacktrace]
#0 {main}
"} 
[2024-10-15 09:07:27] local.ERROR: Cannot use positional argument after named argument {"exception":"[object] (Symfony\\Component\\ErrorHandler\\Error\\FatalError(code: 0): Cannot use positional argument after named argument at /home/tk-lpt-0530/Documents/Laravel_Projects/RevisitLaravel/routes/console.php:6)
[stacktrace]
#0 {main}
"} 
[2024-10-15 09:07:27] local.ERROR: Cannot use positional argument after named argument {"exception":"[object] (Symfony\\Component\\ErrorHandler\\Error\\FatalError(code: 0): Cannot use positional argument after named argument at /home/tk-lpt-0530/Documents/Laravel_Projects/RevisitLaravel/routes/console.php:6)
[stacktrace]
#0 {main}
"} 
[2024-10-15 09:08:27] local.ERROR: Cannot use positional argument after named argument {"exception":"[object] (Symfony\\Component\\ErrorHandler\\Error\\FatalError(code: 0): Cannot use positional argument after named argument at /home/tk-lpt-0530/Documents/Laravel_Projects/RevisitLaravel/routes/console.php:6)
[stacktrace]
#0 {main}
"} 
[2024-10-15 09:08:27] local.ERROR: Cannot use positional argument after named argument {"exception":"[object] (Symfony\\Component\\ErrorHandler\\Error\\FatalError(code: 0): Cannot use positional argument after named argument at /home/tk-lpt-0530/Documents/Laravel_Projects/RevisitLaravel/routes/console.php:6)
[stacktrace]
#0 {main}
"} 
[2024-10-15 09:09:27] local.ERROR: Cannot use positional argument after named argument {"exception":"[object] (Symfony\\Component\\ErrorHandler\\Error\\FatalError(code: 0): Cannot use positional argument after named argument at /home/tk-lpt-0530/Documents/Laravel_Projects/RevisitLaravel/routes/console.php:6)
[stacktrace]
#0 {main}
"} 
[2024-10-15 09:09:27] local.ERROR: Cannot use positional argument after named argument {"exception":"[object] (Symfony\\Component\\ErrorHandler\\Error\\FatalError(code: 0): Cannot use positional argument after named argument at /home/tk-lpt-0530/Documents/Laravel_Projects/RevisitLaravel/routes/console.php:6)
[stacktrace]
#0 {main}
"} 
[2024-10-15 09:10:27] local.ERROR: Cannot use positional argument after named argument {"exception":"[object] (Symfony\\Component\\ErrorHandler\\Error\\FatalError(code: 0): Cannot use positional argument after named argument at /home/tk-lpt-0530/Documents/Laravel_Projects/RevisitLaravel/routes/console.php:6)
[stacktrace]
#0 {main}
"} 
[2024-10-15 09:10:27] local.ERROR: Cannot use positional argument after named argument {"exception":"[object] (Symfony\\Component\\ErrorHandler\\Error\\FatalError(code: 0): Cannot use positional argument after named argument at /home/tk-lpt-0530/Documents/Laravel_Projects/RevisitLaravel/routes/console.php:6)
[stacktrace]
#0 {main}
"} 
[2024-10-15 09:11:27] local.ERROR: Cannot use positional argument after named argument {"exception":"[object] (Symfony\\Component\\ErrorHandler\\Error\\FatalError(code: 0): Cannot use positional argument after named argument at /home/tk-lpt-0530/Documents/Laravel_Projects/RevisitLaravel/routes/console.php:6)
[stacktrace]
#0 {main}
"} 
[2024-10-15 09:11:27] local.ERROR: Cannot use positional argument after named argument {"exception":"[object] (Symfony\\Component\\ErrorHandler\\Error\\FatalError(code: 0): Cannot use positional argument after named argument at /home/tk-lpt-0530/Documents/Laravel_Projects/RevisitLaravel/routes/console.php:6)
[stacktrace]
#0 {main}
"} 
[2024-10-15 09:12:27] local.ERROR: Cannot use positional argument after named argument {"exception":"[object] (Symfony\\Component\\ErrorHandler\\Error\\FatalError(code: 0): Cannot use positional argument after named argument at /home/tk-lpt-0530/Documents/Laravel_Projects/RevisitLaravel/routes/console.php:6)
[stacktrace]
#0 {main}
"} 
[2024-10-15 09:12:27] local.ERROR: Cannot use positional argument after named argument {"exception":"[object] (Symfony\\Component\\ErrorHandler\\Error\\FatalError(code: 0): Cannot use positional argument after named argument at /home/tk-lpt-0530/Documents/Laravel_Projects/RevisitLaravel/routes/console.php:6)
[stacktrace]
#0 {main}
"} 
[2024-10-15 09:13:27] local.ERROR: Cannot use positional argument after named argument {"exception":"[object] (Symfony\\Component\\ErrorHandler\\Error\\FatalError(code: 0): Cannot use positional argument after named argument at /home/tk-lpt-0530/Documents/Laravel_Projects/RevisitLaravel/routes/console.php:6)
[stacktrace]
#0 {main}
"} 
[2024-10-15 09:13:27] local.ERROR: Cannot use positional argument after named argument {"exception":"[object] (Symfony\\Component\\ErrorHandler\\Error\\FatalError(code: 0): Cannot use positional argument after named argument at /home/tk-lpt-0530/Documents/Laravel_Projects/RevisitLaravel/routes/console.php:6)
[stacktrace]
#0 {main}
"} 
[2024-10-15 09:14:27] local.ERROR: Cannot use positional argument after named argument {"exception":"[object] (Symfony\\Component\\ErrorHandler\\Error\\FatalError(code: 0): Cannot use positional argument after named argument at /home/tk-lpt-0530/Documents/Laravel_Projects/RevisitLaravel/routes/console.php:6)
[stacktrace]
#0 {main}
"} 
[2024-10-15 09:14:27] local.ERROR: Cannot use positional argument after named argument {"exception":"[object] (Symfony\\Component\\ErrorHandler\\Error\\FatalError(code: 0): Cannot use positional argument after named argument at /home/tk-lpt-0530/Documents/Laravel_Projects/RevisitLaravel/routes/console.php:6)
[stacktrace]
#0 {main}
"} 
[2024-10-15 09:15:27] local.ERROR: Cannot use positional argument after named argument {"exception":"[object] (Symfony\\Component\\ErrorHandler\\Error\\FatalError(code: 0): Cannot use positional argument after named argument at /home/tk-lpt-0530/Documents/Laravel_Projects/RevisitLaravel/routes/console.php:6)
[stacktrace]
#0 {main}
"} 
[2024-10-15 09:15:27] local.ERROR: Cannot use positional argument after named argument {"exception":"[object] (Symfony\\Component\\ErrorHandler\\Error\\FatalError(code: 0): Cannot use positional argument after named argument at /home/tk-lpt-0530/Documents/Laravel_Projects/RevisitLaravel/routes/console.php:6)
[stacktrace]
#0 {main}
"} 
[2024-10-15 09:16:27] local.ERROR: Cannot use positional argument after named argument {"exception":"[object] (Symfony\\Component\\ErrorHandler\\Error\\FatalError(code: 0): Cannot use positional argument after named argument at /home/tk-lpt-0530/Documents/Laravel_Projects/RevisitLaravel/routes/console.php:6)
[stacktrace]
#0 {main}
"} 
[2024-10-15 09:16:27] local.ERROR: Cannot use positional argument after named argument {"exception":"[object] (Symfony\\Component\\ErrorHandler\\Error\\FatalError(code: 0): Cannot use positional argument after named argument at /home/tk-lpt-0530/Documents/Laravel_Projects/RevisitLaravel/routes/console.php:6)
[stacktrace]
#0 {main}
"} 
[2024-10-15 09:17:27] local.ERROR: Cannot use positional argument after named argument {"exception":"[object] (Symfony\\Component\\ErrorHandler\\Error\\FatalError(code: 0): Cannot use positional argument after named argument at /home/tk-lpt-0530/Documents/Laravel_Projects/RevisitLaravel/routes/console.php:6)
[stacktrace]
#0 {main}
"} 
[2024-10-15 09:17:27] local.ERROR: Cannot use positional argument after named argument {"exception":"[object] (Symfony\\Component\\ErrorHandler\\Error\\FatalError(code: 0): Cannot use positional argument after named argument at /home/tk-lpt-0530/Documents/Laravel_Projects/RevisitLaravel/routes/console.php:6)
[stacktrace]
#0 {main}
"} 
[2024-10-15 09:17:27] local.ERROR: Cannot use positional argument after named argument {"exception":"[object] (Symfony\\Component\\ErrorHandler\\Error\\FatalError(code: 0): Cannot use positional argument after named argument at /home/tk-lpt-0530/Documents/Laravel_Projects/RevisitLaravel/routes/console.php:6)
[stacktrace]
#0 {main}
"} 
[2024-10-15 09:17:27] local.ERROR: Cannot use positional argument after named argument {"exception":"[object] (Symfony\\Component\\ErrorHandler\\Error\\FatalError(code: 0): Cannot use positional argument after named argument at /home/tk-lpt-0530/Documents/Laravel_Projects/RevisitLaravel/routes/console.php:6)
[stacktrace]
#0 {main}
"} 
[2024-10-15 09:18:27] local.ERROR: Cannot use positional argument after named argument {"exception":"[object] (Symfony\\Component\\ErrorHandler\\Error\\FatalError(code: 0): Cannot use positional argument after named argument at /home/tk-lpt-0530/Documents/Laravel_Projects/RevisitLaravel/routes/console.php:6)
[stacktrace]
#0 {main}
"} 
[2024-10-15 09:18:27] local.ERROR: Cannot use positional argument after named argument {"exception":"[object] (Symfony\\Component\\ErrorHandler\\Error\\FatalError(code: 0): Cannot use positional argument after named argument at /home/tk-lpt-0530/Documents/Laravel_Projects/RevisitLaravel/routes/console.php:6)
[stacktrace]
#0 {main}
"} 
[2024-10-15 09:19:27] local.ERROR: Cannot use positional argument after named argument {"exception":"[object] (Symfony\\Component\\ErrorHandler\\Error\\FatalError(code: 0): Cannot use positional argument after named argument at /home/tk-lpt-0530/Documents/Laravel_Projects/RevisitLaravel/routes/console.php:6)
[stacktrace]
#0 {main}
"} 
[2024-10-15 09:19:27] local.ERROR: Cannot use positional argument after named argument {"exception":"[object] (Symfony\\Component\\ErrorHandler\\Error\\FatalError(code: 0): Cannot use positional argument after named argument at /home/tk-lpt-0530/Documents/Laravel_Projects/RevisitLaravel/routes/console.php:6)
[stacktrace]
#0 {main}
"} 
[2024-10-15 09:20:27] local.ERROR: Cannot use positional argument after named argument {"exception":"[object] (Symfony\\Component\\ErrorHandler\\Error\\FatalError(code: 0): Cannot use positional argument after named argument at /home/tk-lpt-0530/Documents/Laravel_Projects/RevisitLaravel/routes/console.php:6)
[stacktrace]
#0 {main}
"} 
[2024-10-15 09:20:27] local.ERROR: Cannot use positional argument after named argument {"exception":"[object] (Symfony\\Component\\ErrorHandler\\Error\\FatalError(code: 0): Cannot use positional argument after named argument at /home/tk-lpt-0530/Documents/Laravel_Projects/RevisitLaravel/routes/console.php:6)
[stacktrace]
#0 {main}
"} 
[2024-10-15 09:21:27] local.ERROR: Cannot use positional argument after named argument {"exception":"[object] (Symfony\\Component\\ErrorHandler\\Error\\FatalError(code: 0): Cannot use positional argument after named argument at /home/tk-lpt-0530/Documents/Laravel_Projects/RevisitLaravel/routes/console.php:6)
[stacktrace]
#0 {main}
"} 
[2024-10-15 09:21:27] local.ERROR: Cannot use positional argument after named argument {"exception":"[object] (Symfony\\Component\\ErrorHandler\\Error\\FatalError(code: 0): Cannot use positional argument after named argument at /home/tk-lpt-0530/Documents/Laravel_Projects/RevisitLaravel/routes/console.php:6)
[stacktrace]
#0 {main}
"} 
[2024-10-15 09:22:27] local.ERROR: Cannot use positional argument after named argument {"exception":"[object] (Symfony\\Component\\ErrorHandler\\Error\\FatalError(code: 0): Cannot use positional argument after named argument at /home/tk-lpt-0530/Documents/Laravel_Projects/RevisitLaravel/routes/console.php:6)
[stacktrace]
#0 {main}
"} 
[2024-10-15 09:22:27] local.ERROR: Cannot use positional argument after named argument {"exception":"[object] (Symfony\\Component\\ErrorHandler\\Error\\FatalError(code: 0): Cannot use positional argument after named argument at /home/tk-lpt-0530/Documents/Laravel_Projects/RevisitLaravel/routes/console.php:6)
[stacktrace]
#0 {main}
"} 
[2024-10-15 09:23:27] local.ERROR: Cannot use positional argument after named argument {"exception":"[object] (Symfony\\Component\\ErrorHandler\\Error\\FatalError(code: 0): Cannot use positional argument after named argument at /home/tk-lpt-0530/Documents/Laravel_Projects/RevisitLaravel/routes/console.php:6)
[stacktrace]
#0 {main}
"} 
[2024-10-15 09:23:27] local.ERROR: Cannot use positional argument after named argument {"exception":"[object] (Symfony\\Component\\ErrorHandler\\Error\\FatalError(code: 0): Cannot use positional argument after named argument at /home/tk-lpt-0530/Documents/Laravel_Projects/RevisitLaravel/routes/console.php:6)
[stacktrace]
#0 {main}
"} 
[2024-10-15 09:24:27] local.ERROR: Cannot use positional argument after named argument {"exception":"[object] (Symfony\\Component\\ErrorHandler\\Error\\FatalError(code: 0): Cannot use positional argument after named argument at /home/tk-lpt-0530/Documents/Laravel_Projects/RevisitLaravel/routes/console.php:6)
[stacktrace]
#0 {main}
"} 
[2024-10-15 09:24:27] local.ERROR: Cannot use positional argument after named argument {"exception":"[object] (Symfony\\Component\\ErrorHandler\\Error\\FatalError(code: 0): Cannot use positional argument after named argument at /home/tk-lpt-0530/Documents/Laravel_Projects/RevisitLaravel/routes/console.php:6)
[stacktrace]
#0 {main}
"} 
[2024-10-15 09:25:27] local.ERROR: Cannot use positional argument after named argument {"exception":"[object] (Symfony\\Component\\ErrorHandler\\Error\\FatalError(code: 0): Cannot use positional argument after named argument at /home/tk-lpt-0530/Documents/Laravel_Projects/RevisitLaravel/routes/console.php:6)
[stacktrace]
#0 {main}
"} 
[2024-10-15 09:25:27] local.ERROR: Cannot use positional argument after named argument {"exception":"[object] (Symfony\\Component\\ErrorHandler\\Error\\FatalError(code: 0): Cannot use positional argument after named argument at /home/tk-lpt-0530/Documents/Laravel_Projects/RevisitLaravel/routes/console.php:6)
[stacktrace]
#0 {main}
"} 
[2024-10-15 09:26:27] local.ERROR: Cannot use positional argument after named argument {"exception":"[object] (Symfony\\Component\\ErrorHandler\\Error\\FatalError(code: 0): Cannot use positional argument after named argument at /home/tk-lpt-0530/Documents/Laravel_Projects/RevisitLaravel/routes/console.php:6)
[stacktrace]
#0 {main}
"} 
[2024-10-15 09:26:27] local.ERROR: Cannot use positional argument after named argument {"exception":"[object] (Symfony\\Component\\ErrorHandler\\Error\\FatalError(code: 0): Cannot use positional argument after named argument at /home/tk-lpt-0530/Documents/Laravel_Projects/RevisitLaravel/routes/console.php:6)
[stacktrace]
#0 {main}
"} 
[2024-10-15 09:27:27] local.ERROR: Cannot use positional argument after named argument {"exception":"[object] (Symfony\\Component\\ErrorHandler\\Error\\FatalError(code: 0): Cannot use positional argument after named argument at /home/tk-lpt-0530/Documents/Laravel_Projects/RevisitLaravel/routes/console.php:6)
[stacktrace]
#0 {main}
"} 
[2024-10-15 09:27:27] local.ERROR: Cannot use positional argument after named argument {"exception":"[object] (Symfony\\Component\\ErrorHandler\\Error\\FatalError(code: 0): Cannot use positional argument after named argument at /home/tk-lpt-0530/Documents/Laravel_Projects/RevisitLaravel/routes/console.php:6)
[stacktrace]
#0 {main}
"} 
[2024-10-15 09:27:27] local.ERROR: Cannot use positional argument after named argument {"exception":"[object] (Symfony\\Component\\ErrorHandler\\Error\\FatalError(code: 0): Cannot use positional argument after named argument at /home/tk-lpt-0530/Documents/Laravel_Projects/RevisitLaravel/routes/console.php:6)
[stacktrace]
#0 {main}
"} 
[2024-10-15 09:27:27] local.ERROR: Cannot use positional argument after named argument {"exception":"[object] (Symfony\\Component\\ErrorHandler\\Error\\FatalError(code: 0): Cannot use positional argument after named argument at /home/tk-lpt-0530/Documents/Laravel_Projects/RevisitLaravel/routes/console.php:6)
[stacktrace]
#0 {main}
"} 
[2024-10-15 09:28:27] local.ERROR: Cannot use positional argument after named argument {"exception":"[object] (Symfony\\Component\\ErrorHandler\\Error\\FatalError(code: 0): Cannot use positional argument after named argument at /home/tk-lpt-0530/Documents/Laravel_Projects/RevisitLaravel/routes/console.php:6)
[stacktrace]
#0 {main}
"} 
[2024-10-15 09:28:27] local.ERROR: Cannot use positional argument after named argument {"exception":"[object] (Symfony\\Component\\ErrorHandler\\Error\\FatalError(code: 0): Cannot use positional argument after named argument at /home/tk-lpt-0530/Documents/Laravel_Projects/RevisitLaravel/routes/console.php:6)
[stacktrace]
#0 {main}
"} 
[2024-10-15 09:29:27] local.ERROR: Cannot use positional argument after named argument {"exception":"[object] (Symfony\\Component\\ErrorHandler\\Error\\FatalError(code: 0): Cannot use positional argument after named argument at /home/tk-lpt-0530/Documents/Laravel_Projects/RevisitLaravel/routes/console.php:6)
[stacktrace]
#0 {main}
"} 
[2024-10-15 09:29:27] local.ERROR: Cannot use positional argument after named argument {"exception":"[object] (Symfony\\Component\\ErrorHandler\\Error\\FatalError(code: 0): Cannot use positional argument after named argument at /home/tk-lpt-0530/Documents/Laravel_Projects/RevisitLaravel/routes/console.php:6)
[stacktrace]
#0 {main}
"} 
[2024-10-15 09:30:27] local.ERROR: Cannot use positional argument after named argument {"exception":"[object] (Symfony\\Component\\ErrorHandler\\Error\\FatalError(code: 0): Cannot use positional argument after named argument at /home/tk-lpt-0530/Documents/Laravel_Projects/RevisitLaravel/routes/console.php:6)
[stacktrace]
#0 {main}
"} 
[2024-10-15 09:30:27] local.ERROR: Cannot use positional argument after named argument {"exception":"[object] (Symfony\\Component\\ErrorHandler\\Error\\FatalError(code: 0): Cannot use positional argument after named argument at /home/tk-lpt-0530/Documents/Laravel_Projects/RevisitLaravel/routes/console.php:6)
[stacktrace]
#0 {main}
"} 
[2024-10-15 09:31:27] local.ERROR: Cannot use positional argument after named argument {"exception":"[object] (Symfony\\Component\\ErrorHandler\\Error\\FatalError(code: 0): Cannot use positional argument after named argument at /home/tk-lpt-0530/Documents/Laravel_Projects/RevisitLaravel/routes/console.php:6)
[stacktrace]
#0 {main}
"} 
[2024-10-15 09:31:27] local.ERROR: Cannot use positional argument after named argument {"exception":"[object] (Symfony\\Component\\ErrorHandler\\Error\\FatalError(code: 0): Cannot use positional argument after named argument at /home/tk-lpt-0530/Documents/Laravel_Projects/RevisitLaravel/routes/console.php:6)
[stacktrace]
#0 {main}
"} 
[2024-10-15 09:32:27] local.ERROR: Cannot use positional argument after named argument {"exception":"[object] (Symfony\\Component\\ErrorHandler\\Error\\FatalError(code: 0): Cannot use positional argument after named argument at /home/tk-lpt-0530/Documents/Laravel_Projects/RevisitLaravel/routes/console.php:6)
[stacktrace]
#0 {main}
"} 
[2024-10-15 09:32:27] local.ERROR: Cannot use positional argument after named argument {"exception":"[object] (Symfony\\Component\\ErrorHandler\\Error\\FatalError(code: 0): Cannot use positional argument after named argument at /home/tk-lpt-0530/Documents/Laravel_Projects/RevisitLaravel/routes/console.php:6)
[stacktrace]
#0 {main}
"} 
[2024-10-15 09:33:27] local.ERROR: Cannot use positional argument after named argument {"exception":"[object] (Symfony\\Component\\ErrorHandler\\Error\\FatalError(code: 0): Cannot use positional argument after named argument at /home/tk-lpt-0530/Documents/Laravel_Projects/RevisitLaravel/routes/console.php:6)
[stacktrace]
#0 {main}
"} 
[2024-10-15 09:33:27] local.ERROR: Cannot use positional argument after named argument {"exception":"[object] (Symfony\\Component\\ErrorHandler\\Error\\FatalError(code: 0): Cannot use positional argument after named argument at /home/tk-lpt-0530/Documents/Laravel_Projects/RevisitLaravel/routes/console.php:6)
[stacktrace]
#0 {main}
"} 
[2024-10-15 09:34:27] local.ERROR: Cannot use positional argument after named argument {"exception":"[object] (Symfony\\Component\\ErrorHandler\\Error\\FatalError(code: 0): Cannot use positional argument after named argument at /home/tk-lpt-0530/Documents/Laravel_Projects/RevisitLaravel/routes/console.php:6)
[stacktrace]
#0 {main}
"} 
[2024-10-15 09:34:27] local.ERROR: Cannot use positional argument after named argument {"exception":"[object] (Symfony\\Component\\ErrorHandler\\Error\\FatalError(code: 0): Cannot use positional argument after named argument at /home/tk-lpt-0530/Documents/Laravel_Projects/RevisitLaravel/routes/console.php:6)
[stacktrace]
#0 {main}
"} 
[2024-10-15 09:35:27] local.ERROR: Cannot use positional argument after named argument {"exception":"[object] (Symfony\\Component\\ErrorHandler\\Error\\FatalError(code: 0): Cannot use positional argument after named argument at /home/tk-lpt-0530/Documents/Laravel_Projects/RevisitLaravel/routes/console.php:6)
[stacktrace]
#0 {main}
"} 
[2024-10-15 09:35:27] local.ERROR: Cannot use positional argument after named argument {"exception":"[object] (Symfony\\Component\\ErrorHandler\\Error\\FatalError(code: 0): Cannot use positional argument after named argument at /home/tk-lpt-0530/Documents/Laravel_Projects/RevisitLaravel/routes/console.php:6)
[stacktrace]
#0 {main}
"} 
[2024-10-15 09:36:27] local.ERROR: Cannot use positional argument after named argument {"exception":"[object] (Symfony\\Component\\ErrorHandler\\Error\\FatalError(code: 0): Cannot use positional argument after named argument at /home/tk-lpt-0530/Documents/Laravel_Projects/RevisitLaravel/routes/console.php:6)
[stacktrace]
#0 {main}
"} 
[2024-10-15 09:36:27] local.ERROR: Cannot use positional argument after named argument {"exception":"[object] (Symfony\\Component\\ErrorHandler\\Error\\FatalError(code: 0): Cannot use positional argument after named argument at /home/tk-lpt-0530/Documents/Laravel_Projects/RevisitLaravel/routes/console.php:6)
[stacktrace]
#0 {main}
"} 
[2024-10-15 09:37:27] local.ERROR: Cannot use positional argument after named argument {"exception":"[object] (Symfony\\Component\\ErrorHandler\\Error\\FatalError(code: 0): Cannot use positional argument after named argument at /home/tk-lpt-0530/Documents/Laravel_Projects/RevisitLaravel/routes/console.php:6)
[stacktrace]
#0 {main}
"} 
[2024-10-15 09:37:27] local.ERROR: Cannot use positional argument after named argument {"exception":"[object] (Symfony\\Component\\ErrorHandler\\Error\\FatalError(code: 0): Cannot use positional argument after named argument at /home/tk-lpt-0530/Documents/Laravel_Projects/RevisitLaravel/routes/console.php:6)
[stacktrace]
#0 {main}
"} 
[2024-10-15 09:37:27] local.ERROR: Cannot use positional argument after named argument {"exception":"[object] (Symfony\\Component\\ErrorHandler\\Error\\FatalError(code: 0): Cannot use positional argument after named argument at /home/tk-lpt-0530/Documents/Laravel_Projects/RevisitLaravel/routes/console.php:6)
[stacktrace]
#0 {main}
"} 
[2024-10-15 09:37:27] local.ERROR: Cannot use positional argument after named argument {"exception":"[object] (Symfony\\Component\\ErrorHandler\\Error\\FatalError(code: 0): Cannot use positional argument after named argument at /home/tk-lpt-0530/Documents/Laravel_Projects/RevisitLaravel/routes/console.php:6)
[stacktrace]
#0 {main}
"} 
[2024-10-15 09:38:27] local.ERROR: Cannot use positional argument after named argument {"exception":"[object] (Symfony\\Component\\ErrorHandler\\Error\\FatalError(code: 0): Cannot use positional argument after named argument at /home/tk-lpt-0530/Documents/Laravel_Projects/RevisitLaravel/routes/console.php:6)
[stacktrace]
#0 {main}
"} 
[2024-10-15 09:38:27] local.ERROR: Cannot use positional argument after named argument {"exception":"[object] (Symfony\\Component\\ErrorHandler\\Error\\FatalError(code: 0): Cannot use positional argument after named argument at /home/tk-lpt-0530/Documents/Laravel_Projects/RevisitLaravel/routes/console.php:6)
[stacktrace]
#0 {main}
"} 
[2024-10-15 09:39:27] local.ERROR: Cannot use positional argument after named argument {"exception":"[object] (Symfony\\Component\\ErrorHandler\\Error\\FatalError(code: 0): Cannot use positional argument after named argument at /home/tk-lpt-0530/Documents/Laravel_Projects/RevisitLaravel/routes/console.php:6)
[stacktrace]
#0 {main}
"} 
[2024-10-15 09:39:27] local.ERROR: Cannot use positional argument after named argument {"exception":"[object] (Symfony\\Component\\ErrorHandler\\Error\\FatalError(code: 0): Cannot use positional argument after named argument at /home/tk-lpt-0530/Documents/Laravel_Projects/RevisitLaravel/routes/console.php:6)
[stacktrace]
#0 {main}
"} 
[2024-10-15 09:40:27] local.ERROR: Cannot use positional argument after named argument {"exception":"[object] (Symfony\\Component\\ErrorHandler\\Error\\FatalError(code: 0): Cannot use positional argument after named argument at /home/tk-lpt-0530/Documents/Laravel_Projects/RevisitLaravel/routes/console.php:6)
[stacktrace]
#0 {main}
"} 
[2024-10-15 09:40:27] local.ERROR: Cannot use positional argument after named argument {"exception":"[object] (Symfony\\Component\\ErrorHandler\\Error\\FatalError(code: 0): Cannot use positional argument after named argument at /home/tk-lpt-0530/Documents/Laravel_Projects/RevisitLaravel/routes/console.php:6)
[stacktrace]
#0 {main}
"} 
[2024-10-15 09:41:27] local.ERROR: Cannot use positional argument after named argument {"exception":"[object] (Symfony\\Component\\ErrorHandler\\Error\\FatalError(code: 0): Cannot use positional argument after named argument at /home/tk-lpt-0530/Documents/Laravel_Projects/RevisitLaravel/routes/console.php:6)
[stacktrace]
#0 {main}
"} 
[2024-10-15 09:41:27] local.ERROR: Cannot use positional argument after named argument {"exception":"[object] (Symfony\\Component\\ErrorHandler\\Error\\FatalError(code: 0): Cannot use positional argument after named argument at /home/tk-lpt-0530/Documents/Laravel_Projects/RevisitLaravel/routes/console.php:6)
[stacktrace]
#0 {main}
"} 
[2024-10-15 09:42:27] local.ERROR: Cannot use positional argument after named argument {"exception":"[object] (Symfony\\Component\\ErrorHandler\\Error\\FatalError(code: 0): Cannot use positional argument after named argument at /home/tk-lpt-0530/Documents/Laravel_Projects/RevisitLaravel/routes/console.php:6)
[stacktrace]
#0 {main}
"} 
[2024-10-15 09:42:27] local.ERROR: Cannot use positional argument after named argument {"exception":"[object] (Symfony\\Component\\ErrorHandler\\Error\\FatalError(code: 0): Cannot use positional argument after named argument at /home/tk-lpt-0530/Documents/Laravel_Projects/RevisitLaravel/routes/console.php:6)
[stacktrace]
#0 {main}
"} 
[2024-10-15 09:43:27] local.ERROR: Cannot use positional argument after named argument {"exception":"[object] (Symfony\\Component\\ErrorHandler\\Error\\FatalError(code: 0): Cannot use positional argument after named argument at /home/tk-lpt-0530/Documents/Laravel_Projects/RevisitLaravel/routes/console.php:6)
[stacktrace]
#0 {main}
"} 
[2024-10-15 09:43:27] local.ERROR: Cannot use positional argument after named argument {"exception":"[object] (Symfony\\Component\\ErrorHandler\\Error\\FatalError(code: 0): Cannot use positional argument after named argument at /home/tk-lpt-0530/Documents/Laravel_Projects/RevisitLaravel/routes/console.php:6)
[stacktrace]
#0 {main}
"} 
[2024-10-15 09:44:27] local.ERROR: Cannot use positional argument after named argument {"exception":"[object] (Symfony\\Component\\ErrorHandler\\Error\\FatalError(code: 0): Cannot use positional argument after named argument at /home/tk-lpt-0530/Documents/Laravel_Projects/RevisitLaravel/routes/console.php:6)
[stacktrace]
#0 {main}
"} 
[2024-10-15 09:44:27] local.ERROR: Cannot use positional argument after named argument {"exception":"[object] (Symfony\\Component\\ErrorHandler\\Error\\FatalError(code: 0): Cannot use positional argument after named argument at /home/tk-lpt-0530/Documents/Laravel_Projects/RevisitLaravel/routes/console.php:6)
[stacktrace]
#0 {main}
"} 
[2024-10-15 09:45:27] local.ERROR: Cannot use positional argument after named argument {"exception":"[object] (Symfony\\Component\\ErrorHandler\\Error\\FatalError(code: 0): Cannot use positional argument after named argument at /home/tk-lpt-0530/Documents/Laravel_Projects/RevisitLaravel/routes/console.php:6)
[stacktrace]
#0 {main}
"} 
[2024-10-15 09:45:27] local.ERROR: Cannot use positional argument after named argument {"exception":"[object] (Symfony\\Component\\ErrorHandler\\Error\\FatalError(code: 0): Cannot use positional argument after named argument at /home/tk-lpt-0530/Documents/Laravel_Projects/RevisitLaravel/routes/console.php:6)
[stacktrace]
#0 {main}
"} 
[2024-10-15 09:46:27] local.ERROR: Cannot use positional argument after named argument {"exception":"[object] (Symfony\\Component\\ErrorHandler\\Error\\FatalError(code: 0): Cannot use positional argument after named argument at /home/tk-lpt-0530/Documents/Laravel_Projects/RevisitLaravel/routes/console.php:6)
[stacktrace]
#0 {main}
"} 
[2024-10-15 09:46:27] local.ERROR: Cannot use positional argument after named argument {"exception":"[object] (Symfony\\Component\\ErrorHandler\\Error\\FatalError(code: 0): Cannot use positional argument after named argument at /home/tk-lpt-0530/Documents/Laravel_Projects/RevisitLaravel/routes/console.php:6)
[stacktrace]
#0 {main}
"} 
[2024-10-15 09:47:27] local.ERROR: Cannot use positional argument after named argument {"exception":"[object] (Symfony\\Component\\ErrorHandler\\Error\\FatalError(code: 0): Cannot use positional argument after named argument at /home/tk-lpt-0530/Documents/Laravel_Projects/RevisitLaravel/routes/console.php:6)
[stacktrace]
#0 {main}
"} 
[2024-10-15 09:47:27] local.ERROR: Cannot use positional argument after named argument {"exception":"[object] (Symfony\\Component\\ErrorHandler\\Error\\FatalError(code: 0): Cannot use positional argument after named argument at /home/tk-lpt-0530/Documents/Laravel_Projects/RevisitLaravel/routes/console.php:6)
[stacktrace]
#0 {main}
"} 
[2024-10-15 09:47:27] local.ERROR: Cannot use positional argument after named argument {"exception":"[object] (Symfony\\Component\\ErrorHandler\\Error\\FatalError(code: 0): Cannot use positional argument after named argument at /home/tk-lpt-0530/Documents/Laravel_Projects/RevisitLaravel/routes/console.php:6)
[stacktrace]
#0 {main}
"} 
[2024-10-15 09:47:27] local.ERROR: Cannot use positional argument after named argument {"exception":"[object] (Symfony\\Component\\ErrorHandler\\Error\\FatalError(code: 0): Cannot use positional argument after named argument at /home/tk-lpt-0530/Documents/Laravel_Projects/RevisitLaravel/routes/console.php:6)
[stacktrace]
#0 {main}
"} 
[2024-10-15 09:48:27] local.ERROR: Cannot use positional argument after named argument {"exception":"[object] (Symfony\\Component\\ErrorHandler\\Error\\FatalError(code: 0): Cannot use positional argument after named argument at /home/tk-lpt-0530/Documents/Laravel_Projects/RevisitLaravel/routes/console.php:6)
[stacktrace]
#0 {main}
"} 
[2024-10-15 09:48:27] local.ERROR: Cannot use positional argument after named argument {"exception":"[object] (Symfony\\Component\\ErrorHandler\\Error\\FatalError(code: 0): Cannot use positional argument after named argument at /home/tk-lpt-0530/Documents/Laravel_Projects/RevisitLaravel/routes/console.php:6)
[stacktrace]
#0 {main}
"} 
[2024-10-15 09:49:27] local.ERROR: Cannot use positional argument after named argument {"exception":"[object] (Symfony\\Component\\ErrorHandler\\Error\\FatalError(code: 0): Cannot use positional argument after named argument at /home/tk-lpt-0530/Documents/Laravel_Projects/RevisitLaravel/routes/console.php:6)
[stacktrace]
#0 {main}
"} 
[2024-10-15 09:49:27] local.ERROR: Cannot use positional argument after named argument {"exception":"[object] (Symfony\\Component\\ErrorHandler\\Error\\FatalError(code: 0): Cannot use positional argument after named argument at /home/tk-lpt-0530/Documents/Laravel_Projects/RevisitLaravel/routes/console.php:6)
[stacktrace]
#0 {main}
"} 
[2024-10-15 09:50:27] local.ERROR: Cannot use positional argument after named argument {"exception":"[object] (Symfony\\Component\\ErrorHandler\\Error\\FatalError(code: 0): Cannot use positional argument after named argument at /home/tk-lpt-0530/Documents/Laravel_Projects/RevisitLaravel/routes/console.php:6)
[stacktrace]
#0 {main}
"} 
[2024-10-15 09:50:27] local.ERROR: Cannot use positional argument after named argument {"exception":"[object] (Symfony\\Component\\ErrorHandler\\Error\\FatalError(code: 0): Cannot use positional argument after named argument at /home/tk-lpt-0530/Documents/Laravel_Projects/RevisitLaravel/routes/console.php:6)
[stacktrace]
#0 {main}
"} 
[2024-10-15 09:51:27] local.ERROR: Cannot use positional argument after named argument {"exception":"[object] (Symfony\\Component\\ErrorHandler\\Error\\FatalError(code: 0): Cannot use positional argument after named argument at /home/tk-lpt-0530/Documents/Laravel_Projects/RevisitLaravel/routes/console.php:6)
[stacktrace]
#0 {main}
"} 
[2024-10-15 09:51:27] local.ERROR: Cannot use positional argument after named argument {"exception":"[object] (Symfony\\Component\\ErrorHandler\\Error\\FatalError(code: 0): Cannot use positional argument after named argument at /home/tk-lpt-0530/Documents/Laravel_Projects/RevisitLaravel/routes/console.php:6)
[stacktrace]
#0 {main}
"} 
[2024-10-15 09:52:27] local.ERROR: Cannot use positional argument after named argument {"exception":"[object] (Symfony\\Component\\ErrorHandler\\Error\\FatalError(code: 0): Cannot use positional argument after named argument at /home/tk-lpt-0530/Documents/Laravel_Projects/RevisitLaravel/routes/console.php:6)
[stacktrace]
#0 {main}
"} 
[2024-10-15 09:52:27] local.ERROR: Cannot use positional argument after named argument {"exception":"[object] (Symfony\\Component\\ErrorHandler\\Error\\FatalError(code: 0): Cannot use positional argument after named argument at /home/tk-lpt-0530/Documents/Laravel_Projects/RevisitLaravel/routes/console.php:6)
[stacktrace]
#0 {main}
"} 
[2024-10-15 09:53:27] local.ERROR: Cannot use positional argument after named argument {"exception":"[object] (Symfony\\Component\\ErrorHandler\\Error\\FatalError(code: 0): Cannot use positional argument after named argument at /home/tk-lpt-0530/Documents/Laravel_Projects/RevisitLaravel/routes/console.php:6)
[stacktrace]
#0 {main}
"} 
[2024-10-15 09:53:27] local.ERROR: Cannot use positional argument after named argument {"exception":"[object] (Symfony\\Component\\ErrorHandler\\Error\\FatalError(code: 0): Cannot use positional argument after named argument at /home/tk-lpt-0530/Documents/Laravel_Projects/RevisitLaravel/routes/console.php:6)
[stacktrace]
#0 {main}
"} 
[2024-10-15 09:54:27] local.ERROR: Cannot use positional argument after named argument {"exception":"[object] (Symfony\\Component\\ErrorHandler\\Error\\FatalError(code: 0): Cannot use positional argument after named argument at /home/tk-lpt-0530/Documents/Laravel_Projects/RevisitLaravel/routes/console.php:6)
[stacktrace]
#0 {main}
"} 
[2024-10-15 09:54:27] local.ERROR: Cannot use positional argument after named argument {"exception":"[object] (Symfony\\Component\\ErrorHandler\\Error\\FatalError(code: 0): Cannot use positional argument after named argument at /home/tk-lpt-0530/Documents/Laravel_Projects/RevisitLaravel/routes/console.php:6)
[stacktrace]
#0 {main}
"} 
[2024-10-15 09:55:27] local.ERROR: Cannot use positional argument after named argument {"exception":"[object] (Symfony\\Component\\ErrorHandler\\Error\\FatalError(code: 0): Cannot use positional argument after named argument at /home/tk-lpt-0530/Documents/Laravel_Projects/RevisitLaravel/routes/console.php:6)
[stacktrace]
#0 {main}
"} 
[2024-10-15 09:55:27] local.ERROR: Cannot use positional argument after named argument {"exception":"[object] (Symfony\\Component\\ErrorHandler\\Error\\FatalError(code: 0): Cannot use positional argument after named argument at /home/tk-lpt-0530/Documents/Laravel_Projects/RevisitLaravel/routes/console.php:6)
[stacktrace]
#0 {main}
"} 
[2024-10-15 09:56:27] local.ERROR: Cannot use positional argument after named argument {"exception":"[object] (Symfony\\Component\\ErrorHandler\\Error\\FatalError(code: 0): Cannot use positional argument after named argument at /home/tk-lpt-0530/Documents/Laravel_Projects/RevisitLaravel/routes/console.php:6)
[stacktrace]
#0 {main}
"} 
[2024-10-15 09:56:27] local.ERROR: Cannot use positional argument after named argument {"exception":"[object] (Symfony\\Component\\ErrorHandler\\Error\\FatalError(code: 0): Cannot use positional argument after named argument at /home/tk-lpt-0530/Documents/Laravel_Projects/RevisitLaravel/routes/console.php:6)
[stacktrace]
#0 {main}
"} 
[2024-10-15 09:57:27] local.ERROR: Cannot use positional argument after named argument {"exception":"[object] (Symfony\\Component\\ErrorHandler\\Error\\FatalError(code: 0): Cannot use positional argument after named argument at /home/tk-lpt-0530/Documents/Laravel_Projects/RevisitLaravel/routes/console.php:6)
[stacktrace]
#0 {main}
"} 
[2024-10-15 09:57:27] local.ERROR: Cannot use positional argument after named argument {"exception":"[object] (Symfony\\Component\\ErrorHandler\\Error\\FatalError(code: 0): Cannot use positional argument after named argument at /home/tk-lpt-0530/Documents/Laravel_Projects/RevisitLaravel/routes/console.php:6)
[stacktrace]
#0 {main}
"} 
[2024-10-15 09:57:27] local.ERROR: Cannot use positional argument after named argument {"exception":"[object] (Symfony\\Component\\ErrorHandler\\Error\\FatalError(code: 0): Cannot use positional argument after named argument at /home/tk-lpt-0530/Documents/Laravel_Projects/RevisitLaravel/routes/console.php:6)
[stacktrace]
#0 {main}
"} 
[2024-10-15 09:57:27] local.ERROR: Cannot use positional argument after named argument {"exception":"[object] (Symfony\\Component\\ErrorHandler\\Error\\FatalError(code: 0): Cannot use positional argument after named argument at /home/tk-lpt-0530/Documents/Laravel_Projects/RevisitLaravel/routes/console.php:6)
[stacktrace]
#0 {main}
"} 
[2024-10-15 09:58:27] local.ERROR: Cannot use positional argument after named argument {"exception":"[object] (Symfony\\Component\\ErrorHandler\\Error\\FatalError(code: 0): Cannot use positional argument after named argument at /home/tk-lpt-0530/Documents/Laravel_Projects/RevisitLaravel/routes/console.php:6)
[stacktrace]
#0 {main}
"} 
[2024-10-15 09:58:27] local.ERROR: Cannot use positional argument after named argument {"exception":"[object] (Symfony\\Component\\ErrorHandler\\Error\\FatalError(code: 0): Cannot use positional argument after named argument at /home/tk-lpt-0530/Documents/Laravel_Projects/RevisitLaravel/routes/console.php:6)
[stacktrace]
#0 {main}
"} 
[2024-10-15 09:59:27] local.ERROR: Cannot use positional argument after named argument {"exception":"[object] (Symfony\\Component\\ErrorHandler\\Error\\FatalError(code: 0): Cannot use positional argument after named argument at /home/tk-lpt-0530/Documents/Laravel_Projects/RevisitLaravel/routes/console.php:6)
[stacktrace]
#0 {main}
"} 
[2024-10-15 09:59:27] local.ERROR: Cannot use positional argument after named argument {"exception":"[object] (Symfony\\Component\\ErrorHandler\\Error\\FatalError(code: 0): Cannot use positional argument after named argument at /home/tk-lpt-0530/Documents/Laravel_Projects/RevisitLaravel/routes/console.php:6)
[stacktrace]
#0 {main}
"} 
[2024-10-15 10:00:27] local.ERROR: Cannot use positional argument after named argument {"exception":"[object] (Symfony\\Component\\ErrorHandler\\Error\\FatalError(code: 0): Cannot use positional argument after named argument at /home/tk-lpt-0530/Documents/Laravel_Projects/RevisitLaravel/routes/console.php:6)
[stacktrace]
#0 {main}
"} 
[2024-10-15 10:00:27] local.ERROR: Cannot use positional argument after named argument {"exception":"[object] (Symfony\\Component\\ErrorHandler\\Error\\FatalError(code: 0): Cannot use positional argument after named argument at /home/tk-lpt-0530/Documents/Laravel_Projects/RevisitLaravel/routes/console.php:6)
[stacktrace]
#0 {main}
"} 
[2024-10-15 10:01:27] local.ERROR: Cannot use positional argument after named argument {"exception":"[object] (Symfony\\Component\\ErrorHandler\\Error\\FatalError(code: 0): Cannot use positional argument after named argument at /home/tk-lpt-0530/Documents/Laravel_Projects/RevisitLaravel/routes/console.php:6)
[stacktrace]
#0 {main}
"} 
[2024-10-15 10:01:27] local.ERROR: Cannot use positional argument after named argument {"exception":"[object] (Symfony\\Component\\ErrorHandler\\Error\\FatalError(code: 0): Cannot use positional argument after named argument at /home/tk-lpt-0530/Documents/Laravel_Projects/RevisitLaravel/routes/console.php:6)
[stacktrace]
#0 {main}
"} 
[2024-10-15 10:02:27] local.ERROR: Cannot use positional argument after named argument {"exception":"[object] (Symfony\\Component\\ErrorHandler\\Error\\FatalError(code: 0): Cannot use positional argument after named argument at /home/tk-lpt-0530/Documents/Laravel_Projects/RevisitLaravel/routes/console.php:6)
[stacktrace]
#0 {main}
"} 
[2024-10-15 10:02:27] local.ERROR: Cannot use positional argument after named argument {"exception":"[object] (Symfony\\Component\\ErrorHandler\\Error\\FatalError(code: 0): Cannot use positional argument after named argument at /home/tk-lpt-0530/Documents/Laravel_Projects/RevisitLaravel/routes/console.php:6)
[stacktrace]
#0 {main}
"} 
[2024-10-15 10:03:27] local.ERROR: Cannot use positional argument after named argument {"exception":"[object] (Symfony\\Component\\ErrorHandler\\Error\\FatalError(code: 0): Cannot use positional argument after named argument at /home/tk-lpt-0530/Documents/Laravel_Projects/RevisitLaravel/routes/console.php:6)
[stacktrace]
#0 {main}
"} 
[2024-10-15 10:03:27] local.ERROR: Cannot use positional argument after named argument {"exception":"[object] (Symfony\\Component\\ErrorHandler\\Error\\FatalError(code: 0): Cannot use positional argument after named argument at /home/tk-lpt-0530/Documents/Laravel_Projects/RevisitLaravel/routes/console.php:6)
[stacktrace]
#0 {main}
"} 
[2024-10-15 10:04:27] local.ERROR: Cannot use positional argument after named argument {"exception":"[object] (Symfony\\Component\\ErrorHandler\\Error\\FatalError(code: 0): Cannot use positional argument after named argument at /home/tk-lpt-0530/Documents/Laravel_Projects/RevisitLaravel/routes/console.php:6)
[stacktrace]
#0 {main}
"} 
[2024-10-15 10:04:27] local.ERROR: Cannot use positional argument after named argument {"exception":"[object] (Symfony\\Component\\ErrorHandler\\Error\\FatalError(code: 0): Cannot use positional argument after named argument at /home/tk-lpt-0530/Documents/Laravel_Projects/RevisitLaravel/routes/console.php:6)
[stacktrace]
#0 {main}
"} 
[2024-10-15 10:05:27] local.ERROR: Cannot use positional argument after named argument {"exception":"[object] (Symfony\\Component\\ErrorHandler\\Error\\FatalError(code: 0): Cannot use positional argument after named argument at /home/tk-lpt-0530/Documents/Laravel_Projects/RevisitLaravel/routes/console.php:6)
[stacktrace]
#0 {main}
"} 
[2024-10-15 10:05:27] local.ERROR: Cannot use positional argument after named argument {"exception":"[object] (Symfony\\Component\\ErrorHandler\\Error\\FatalError(code: 0): Cannot use positional argument after named argument at /home/tk-lpt-0530/Documents/Laravel_Projects/RevisitLaravel/routes/console.php:6)
[stacktrace]
#0 {main}
"} 
[2024-10-15 10:06:27] local.ERROR: Cannot use positional argument after named argument {"exception":"[object] (Symfony\\Component\\ErrorHandler\\Error\\FatalError(code: 0): Cannot use positional argument after named argument at /home/tk-lpt-0530/Documents/Laravel_Projects/RevisitLaravel/routes/console.php:6)
[stacktrace]
#0 {main}
"} 
[2024-10-15 10:06:27] local.ERROR: Cannot use positional argument after named argument {"exception":"[object] (Symfony\\Component\\ErrorHandler\\Error\\FatalError(code: 0): Cannot use positional argument after named argument at /home/tk-lpt-0530/Documents/Laravel_Projects/RevisitLaravel/routes/console.php:6)
[stacktrace]
#0 {main}
"} 
[2024-10-15 10:07:27] local.ERROR: Cannot use positional argument after named argument {"exception":"[object] (Symfony\\Component\\ErrorHandler\\Error\\FatalError(code: 0): Cannot use positional argument after named argument at /home/tk-lpt-0530/Documents/Laravel_Projects/RevisitLaravel/routes/console.php:6)
[stacktrace]
#0 {main}
"} 
[2024-10-15 10:07:27] local.ERROR: Cannot use positional argument after named argument {"exception":"[object] (Symfony\\Component\\ErrorHandler\\Error\\FatalError(code: 0): Cannot use positional argument after named argument at /home/tk-lpt-0530/Documents/Laravel_Projects/RevisitLaravel/routes/console.php:6)
[stacktrace]
#0 {main}
"} 
[2024-10-15 10:07:27] local.ERROR: Cannot use positional argument after named argument {"exception":"[object] (Symfony\\Component\\ErrorHandler\\Error\\FatalError(code: 0): Cannot use positional argument after named argument at /home/tk-lpt-0530/Documents/Laravel_Projects/RevisitLaravel/routes/console.php:6)
[stacktrace]
#0 {main}
"} 
[2024-10-15 10:07:27] local.ERROR: Cannot use positional argument after named argument {"exception":"[object] (Symfony\\Component\\ErrorHandler\\Error\\FatalError(code: 0): Cannot use positional argument after named argument at /home/tk-lpt-0530/Documents/Laravel_Projects/RevisitLaravel/routes/console.php:6)
[stacktrace]
#0 {main}
"} 
[2024-10-15 10:08:27] local.ERROR: Cannot use positional argument after named argument {"exception":"[object] (Symfony\\Component\\ErrorHandler\\Error\\FatalError(code: 0): Cannot use positional argument after named argument at /home/tk-lpt-0530/Documents/Laravel_Projects/RevisitLaravel/routes/console.php:6)
[stacktrace]
#0 {main}
"} 
[2024-10-15 10:08:27] local.ERROR: Cannot use positional argument after named argument {"exception":"[object] (Symfony\\Component\\ErrorHandler\\Error\\FatalError(code: 0): Cannot use positional argument after named argument at /home/tk-lpt-0530/Documents/Laravel_Projects/RevisitLaravel/routes/console.php:6)
[stacktrace]
#0 {main}
"} 
[2024-10-15 10:09:27] local.ERROR: Cannot use positional argument after named argument {"exception":"[object] (Symfony\\Component\\ErrorHandler\\Error\\FatalError(code: 0): Cannot use positional argument after named argument at /home/tk-lpt-0530/Documents/Laravel_Projects/RevisitLaravel/routes/console.php:6)
[stacktrace]
#0 {main}
"} 
[2024-10-15 10:09:27] local.ERROR: Cannot use positional argument after named argument {"exception":"[object] (Symfony\\Component\\ErrorHandler\\Error\\FatalError(code: 0): Cannot use positional argument after named argument at /home/tk-lpt-0530/Documents/Laravel_Projects/RevisitLaravel/routes/console.php:6)
[stacktrace]
#0 {main}
"} 
[2024-10-15 10:10:27] local.ERROR: Cannot use positional argument after named argument {"exception":"[object] (Symfony\\Component\\ErrorHandler\\Error\\FatalError(code: 0): Cannot use positional argument after named argument at /home/tk-lpt-0530/Documents/Laravel_Projects/RevisitLaravel/routes/console.php:6)
[stacktrace]
#0 {main}
"} 
[2024-10-15 10:10:27] local.ERROR: Cannot use positional argument after named argument {"exception":"[object] (Symfony\\Component\\ErrorHandler\\Error\\FatalError(code: 0): Cannot use positional argument after named argument at /home/tk-lpt-0530/Documents/Laravel_Projects/RevisitLaravel/routes/console.php:6)
[stacktrace]
#0 {main}
"} 
[2024-10-15 10:11:27] local.ERROR: Cannot use positional argument after named argument {"exception":"[object] (Symfony\\Component\\ErrorHandler\\Error\\FatalError(code: 0): Cannot use positional argument after named argument at /home/tk-lpt-0530/Documents/Laravel_Projects/RevisitLaravel/routes/console.php:6)
[stacktrace]
#0 {main}
"} 
[2024-10-15 10:11:27] local.ERROR: Cannot use positional argument after named argument {"exception":"[object] (Symfony\\Component\\ErrorHandler\\Error\\FatalError(code: 0): Cannot use positional argument after named argument at /home/tk-lpt-0530/Documents/Laravel_Projects/RevisitLaravel/routes/console.php:6)
[stacktrace]
#0 {main}
"} 
[2024-10-15 10:12:27] local.ERROR: Cannot use positional argument after named argument {"exception":"[object] (Symfony\\Component\\ErrorHandler\\Error\\FatalError(code: 0): Cannot use positional argument after named argument at /home/tk-lpt-0530/Documents/Laravel_Projects/RevisitLaravel/routes/console.php:6)
[stacktrace]
#0 {main}
"} 
[2024-10-15 10:12:27] local.ERROR: Cannot use positional argument after named argument {"exception":"[object] (Symfony\\Component\\ErrorHandler\\Error\\FatalError(code: 0): Cannot use positional argument after named argument at /home/tk-lpt-0530/Documents/Laravel_Projects/RevisitLaravel/routes/console.php:6)
[stacktrace]
#0 {main}
"} 
[2024-10-15 10:13:27] local.ERROR: Cannot use positional argument after named argument {"exception":"[object] (Symfony\\Component\\ErrorHandler\\Error\\FatalError(code: 0): Cannot use positional argument after named argument at /home/tk-lpt-0530/Documents/Laravel_Projects/RevisitLaravel/routes/console.php:6)
[stacktrace]
#0 {main}
"} 
[2024-10-15 10:13:27] local.ERROR: Cannot use positional argument after named argument {"exception":"[object] (Symfony\\Component\\ErrorHandler\\Error\\FatalError(code: 0): Cannot use positional argument after named argument at /home/tk-lpt-0530/Documents/Laravel_Projects/RevisitLaravel/routes/console.php:6)
[stacktrace]
#0 {main}
"} 
[2024-10-15 10:14:27] local.ERROR: Cannot use positional argument after named argument {"exception":"[object] (Symfony\\Component\\ErrorHandler\\Error\\FatalError(code: 0): Cannot use positional argument after named argument at /home/tk-lpt-0530/Documents/Laravel_Projects/RevisitLaravel/routes/console.php:6)
[stacktrace]
#0 {main}
"} 
[2024-10-15 10:14:27] local.ERROR: Cannot use positional argument after named argument {"exception":"[object] (Symfony\\Component\\ErrorHandler\\Error\\FatalError(code: 0): Cannot use positional argument after named argument at /home/tk-lpt-0530/Documents/Laravel_Projects/RevisitLaravel/routes/console.php:6)
[stacktrace]
#0 {main}
"} 
[2024-10-15 10:15:27] local.ERROR: Cannot use positional argument after named argument {"exception":"[object] (Symfony\\Component\\ErrorHandler\\Error\\FatalError(code: 0): Cannot use positional argument after named argument at /home/tk-lpt-0530/Documents/Laravel_Projects/RevisitLaravel/routes/console.php:6)
[stacktrace]
#0 {main}
"} 
[2024-10-15 10:15:27] local.ERROR: Cannot use positional argument after named argument {"exception":"[object] (Symfony\\Component\\ErrorHandler\\Error\\FatalError(code: 0): Cannot use positional argument after named argument at /home/tk-lpt-0530/Documents/Laravel_Projects/RevisitLaravel/routes/console.php:6)
[stacktrace]
#0 {main}
"} 
[2024-10-15 10:16:27] local.ERROR: Cannot use positional argument after named argument {"exception":"[object] (Symfony\\Component\\ErrorHandler\\Error\\FatalError(code: 0): Cannot use positional argument after named argument at /home/tk-lpt-0530/Documents/Laravel_Projects/RevisitLaravel/routes/console.php:6)
[stacktrace]
#0 {main}
"} 
[2024-10-15 10:16:27] local.ERROR: Cannot use positional argument after named argument {"exception":"[object] (Symfony\\Component\\ErrorHandler\\Error\\FatalError(code: 0): Cannot use positional argument after named argument at /home/tk-lpt-0530/Documents/Laravel_Projects/RevisitLaravel/routes/console.php:6)
[stacktrace]
#0 {main}
"} 
[2024-10-15 10:17:27] local.ERROR: Cannot use positional argument after named argument {"exception":"[object] (Symfony\\Component\\ErrorHandler\\Error\\FatalError(code: 0): Cannot use positional argument after named argument at /home/tk-lpt-0530/Documents/Laravel_Projects/RevisitLaravel/routes/console.php:6)
[stacktrace]
#0 {main}
"} 
[2024-10-15 10:17:27] local.ERROR: Cannot use positional argument after named argument {"exception":"[object] (Symfony\\Component\\ErrorHandler\\Error\\FatalError(code: 0): Cannot use positional argument after named argument at /home/tk-lpt-0530/Documents/Laravel_Projects/RevisitLaravel/routes/console.php:6)
[stacktrace]
#0 {main}
"} 
[2024-10-15 10:17:27] local.ERROR: Cannot use positional argument after named argument {"exception":"[object] (Symfony\\Component\\ErrorHandler\\Error\\FatalError(code: 0): Cannot use positional argument after named argument at /home/tk-lpt-0530/Documents/Laravel_Projects/RevisitLaravel/routes/console.php:6)
[stacktrace]
#0 {main}
"} 
[2024-10-15 10:17:27] local.ERROR: Cannot use positional argument after named argument {"exception":"[object] (Symfony\\Component\\ErrorHandler\\Error\\FatalError(code: 0): Cannot use positional argument after named argument at /home/tk-lpt-0530/Documents/Laravel_Projects/RevisitLaravel/routes/console.php:6)
[stacktrace]
#0 {main}
"} 
[2024-10-15 10:18:27] local.ERROR: Cannot use positional argument after named argument {"exception":"[object] (Symfony\\Component\\ErrorHandler\\Error\\FatalError(code: 0): Cannot use positional argument after named argument at /home/tk-lpt-0530/Documents/Laravel_Projects/RevisitLaravel/routes/console.php:6)
[stacktrace]
#0 {main}
"} 
[2024-10-15 10:18:27] local.ERROR: Cannot use positional argument after named argument {"exception":"[object] (Symfony\\Component\\ErrorHandler\\Error\\FatalError(code: 0): Cannot use positional argument after named argument at /home/tk-lpt-0530/Documents/Laravel_Projects/RevisitLaravel/routes/console.php:6)
[stacktrace]
#0 {main}
"} 
[2024-10-15 10:19:27] local.ERROR: Cannot use positional argument after named argument {"exception":"[object] (Symfony\\Component\\ErrorHandler\\Error\\FatalError(code: 0): Cannot use positional argument after named argument at /home/tk-lpt-0530/Documents/Laravel_Projects/RevisitLaravel/routes/console.php:6)
[stacktrace]
#0 {main}
"} 
[2024-10-15 10:19:27] local.ERROR: Cannot use positional argument after named argument {"exception":"[object] (Symfony\\Component\\ErrorHandler\\Error\\FatalError(code: 0): Cannot use positional argument after named argument at /home/tk-lpt-0530/Documents/Laravel_Projects/RevisitLaravel/routes/console.php:6)
[stacktrace]
#0 {main}
"} 
[2024-10-15 10:20:27] local.ERROR: Cannot use positional argument after named argument {"exception":"[object] (Symfony\\Component\\ErrorHandler\\Error\\FatalError(code: 0): Cannot use positional argument after named argument at /home/tk-lpt-0530/Documents/Laravel_Projects/RevisitLaravel/routes/console.php:6)
[stacktrace]
#0 {main}
"} 
[2024-10-15 10:20:27] local.ERROR: Cannot use positional argument after named argument {"exception":"[object] (Symfony\\Component\\ErrorHandler\\Error\\FatalError(code: 0): Cannot use positional argument after named argument at /home/tk-lpt-0530/Documents/Laravel_Projects/RevisitLaravel/routes/console.php:6)
[stacktrace]
#0 {main}
"} 
[2024-10-15 10:21:27] local.ERROR: Cannot use positional argument after named argument {"exception":"[object] (Symfony\\Component\\ErrorHandler\\Error\\FatalError(code: 0): Cannot use positional argument after named argument at /home/tk-lpt-0530/Documents/Laravel_Projects/RevisitLaravel/routes/console.php:6)
[stacktrace]
#0 {main}
"} 
[2024-10-15 10:21:27] local.ERROR: Cannot use positional argument after named argument {"exception":"[object] (Symfony\\Component\\ErrorHandler\\Error\\FatalError(code: 0): Cannot use positional argument after named argument at /home/tk-lpt-0530/Documents/Laravel_Projects/RevisitLaravel/routes/console.php:6)
[stacktrace]
#0 {main}
"} 
[2024-10-15 10:22:27] local.ERROR: Cannot use positional argument after named argument {"exception":"[object] (Symfony\\Component\\ErrorHandler\\Error\\FatalError(code: 0): Cannot use positional argument after named argument at /home/tk-lpt-0530/Documents/Laravel_Projects/RevisitLaravel/routes/console.php:6)
[stacktrace]
#0 {main}
"} 
[2024-10-15 10:22:27] local.ERROR: Cannot use positional argument after named argument {"exception":"[object] (Symfony\\Component\\ErrorHandler\\Error\\FatalError(code: 0): Cannot use positional argument after named argument at /home/tk-lpt-0530/Documents/Laravel_Projects/RevisitLaravel/routes/console.php:6)
[stacktrace]
#0 {main}
"} 
[2024-10-15 10:23:27] local.ERROR: Cannot use positional argument after named argument {"exception":"[object] (Symfony\\Component\\ErrorHandler\\Error\\FatalError(code: 0): Cannot use positional argument after named argument at /home/tk-lpt-0530/Documents/Laravel_Projects/RevisitLaravel/routes/console.php:6)
[stacktrace]
#0 {main}
"} 
[2024-10-15 10:23:27] local.ERROR: Cannot use positional argument after named argument {"exception":"[object] (Symfony\\Component\\ErrorHandler\\Error\\FatalError(code: 0): Cannot use positional argument after named argument at /home/tk-lpt-0530/Documents/Laravel_Projects/RevisitLaravel/routes/console.php:6)
[stacktrace]
#0 {main}
"} 
[2024-10-15 10:24:27] local.ERROR: Cannot use positional argument after named argument {"exception":"[object] (Symfony\\Component\\ErrorHandler\\Error\\FatalError(code: 0): Cannot use positional argument after named argument at /home/tk-lpt-0530/Documents/Laravel_Projects/RevisitLaravel/routes/console.php:6)
[stacktrace]
#0 {main}
"} 
[2024-10-15 10:24:27] local.ERROR: Cannot use positional argument after named argument {"exception":"[object] (Symfony\\Component\\ErrorHandler\\Error\\FatalError(code: 0): Cannot use positional argument after named argument at /home/tk-lpt-0530/Documents/Laravel_Projects/RevisitLaravel/routes/console.php:6)
[stacktrace]
#0 {main}
"} 
[2024-10-15 10:25:27] local.ERROR: Cannot use positional argument after named argument {"exception":"[object] (Symfony\\Component\\ErrorHandler\\Error\\FatalError(code: 0): Cannot use positional argument after named argument at /home/tk-lpt-0530/Documents/Laravel_Projects/RevisitLaravel/routes/console.php:6)
[stacktrace]
#0 {main}
"} 
[2024-10-15 10:25:27] local.ERROR: Cannot use positional argument after named argument {"exception":"[object] (Symfony\\Component\\ErrorHandler\\Error\\FatalError(code: 0): Cannot use positional argument after named argument at /home/tk-lpt-0530/Documents/Laravel_Projects/RevisitLaravel/routes/console.php:6)
[stacktrace]
#0 {main}
"} 
[2024-10-15 10:26:27] local.ERROR: Cannot use positional argument after named argument {"exception":"[object] (Symfony\\Component\\ErrorHandler\\Error\\FatalError(code: 0): Cannot use positional argument after named argument at /home/tk-lpt-0530/Documents/Laravel_Projects/RevisitLaravel/routes/console.php:6)
[stacktrace]
#0 {main}
"} 
[2024-10-15 10:26:27] local.ERROR: Cannot use positional argument after named argument {"exception":"[object] (Symfony\\Component\\ErrorHandler\\Error\\FatalError(code: 0): Cannot use positional argument after named argument at /home/tk-lpt-0530/Documents/Laravel_Projects/RevisitLaravel/routes/console.php:6)
[stacktrace]
#0 {main}
"} 
[2024-10-15 10:27:27] local.ERROR: Cannot use positional argument after named argument {"exception":"[object] (Symfony\\Component\\ErrorHandler\\Error\\FatalError(code: 0): Cannot use positional argument after named argument at /home/tk-lpt-0530/Documents/Laravel_Projects/RevisitLaravel/routes/console.php:6)
[stacktrace]
#0 {main}
"} 
[2024-10-15 10:27:27] local.ERROR: Cannot use positional argument after named argument {"exception":"[object] (Symfony\\Component\\ErrorHandler\\Error\\FatalError(code: 0): Cannot use positional argument after named argument at /home/tk-lpt-0530/Documents/Laravel_Projects/RevisitLaravel/routes/console.php:6)
[stacktrace]
#0 {main}
"} 
[2024-10-15 10:27:27] local.ERROR: Cannot use positional argument after named argument {"exception":"[object] (Symfony\\Component\\ErrorHandler\\Error\\FatalError(code: 0): Cannot use positional argument after named argument at /home/tk-lpt-0530/Documents/Laravel_Projects/RevisitLaravel/routes/console.php:6)
[stacktrace]
#0 {main}
"} 
[2024-10-15 10:27:27] local.ERROR: Cannot use positional argument after named argument {"exception":"[object] (Symfony\\Component\\ErrorHandler\\Error\\FatalError(code: 0): Cannot use positional argument after named argument at /home/tk-lpt-0530/Documents/Laravel_Projects/RevisitLaravel/routes/console.php:6)
[stacktrace]
#0 {main}
"} 
[2024-10-15 10:28:27] local.ERROR: Cannot use positional argument after named argument {"exception":"[object] (Symfony\\Component\\ErrorHandler\\Error\\FatalError(code: 0): Cannot use positional argument after named argument at /home/tk-lpt-0530/Documents/Laravel_Projects/RevisitLaravel/routes/console.php:6)
[stacktrace]
#0 {main}
"} 
[2024-10-15 10:28:27] local.ERROR: Cannot use positional argument after named argument {"exception":"[object] (Symfony\\Component\\ErrorHandler\\Error\\FatalError(code: 0): Cannot use positional argument after named argument at /home/tk-lpt-0530/Documents/Laravel_Projects/RevisitLaravel/routes/console.php:6)
[stacktrace]
#0 {main}
"} 
[2024-10-15 10:29:27] local.ERROR: Cannot use positional argument after named argument {"exception":"[object] (Symfony\\Component\\ErrorHandler\\Error\\FatalError(code: 0): Cannot use positional argument after named argument at /home/tk-lpt-0530/Documents/Laravel_Projects/RevisitLaravel/routes/console.php:6)
[stacktrace]
#0 {main}
"} 
[2024-10-15 10:29:27] local.ERROR: Cannot use positional argument after named argument {"exception":"[object] (Symfony\\Component\\ErrorHandler\\Error\\FatalError(code: 0): Cannot use positional argument after named argument at /home/tk-lpt-0530/Documents/Laravel_Projects/RevisitLaravel/routes/console.php:6)
[stacktrace]
#0 {main}
"} 
[2024-10-15 10:30:27] local.ERROR: Cannot use positional argument after named argument {"exception":"[object] (Symfony\\Component\\ErrorHandler\\Error\\FatalError(code: 0): Cannot use positional argument after named argument at /home/tk-lpt-0530/Documents/Laravel_Projects/RevisitLaravel/routes/console.php:6)
[stacktrace]
#0 {main}
"} 
[2024-10-15 10:30:27] local.ERROR: Cannot use positional argument after named argument {"exception":"[object] (Symfony\\Component\\ErrorHandler\\Error\\FatalError(code: 0): Cannot use positional argument after named argument at /home/tk-lpt-0530/Documents/Laravel_Projects/RevisitLaravel/routes/console.php:6)
[stacktrace]
#0 {main}
"} 
[2024-10-15 10:31:27] local.ERROR: Cannot use positional argument after named argument {"exception":"[object] (Symfony\\Component\\ErrorHandler\\Error\\FatalError(code: 0): Cannot use positional argument after named argument at /home/tk-lpt-0530/Documents/Laravel_Projects/RevisitLaravel/routes/console.php:6)
[stacktrace]
#0 {main}
"} 
[2024-10-15 10:31:27] local.ERROR: Cannot use positional argument after named argument {"exception":"[object] (Symfony\\Component\\ErrorHandler\\Error\\FatalError(code: 0): Cannot use positional argument after named argument at /home/tk-lpt-0530/Documents/Laravel_Projects/RevisitLaravel/routes/console.php:6)
[stacktrace]
#0 {main}
"} 
[2024-10-15 10:32:27] local.ERROR: Cannot use positional argument after named argument {"exception":"[object] (Symfony\\Component\\ErrorHandler\\Error\\FatalError(code: 0): Cannot use positional argument after named argument at /home/tk-lpt-0530/Documents/Laravel_Projects/RevisitLaravel/routes/console.php:6)
[stacktrace]
#0 {main}
"} 
[2024-10-15 10:32:27] local.ERROR: Cannot use positional argument after named argument {"exception":"[object] (Symfony\\Component\\ErrorHandler\\Error\\FatalError(code: 0): Cannot use positional argument after named argument at /home/tk-lpt-0530/Documents/Laravel_Projects/RevisitLaravel/routes/console.php:6)
[stacktrace]
#0 {main}
"} 
[2024-10-15 10:33:27] local.ERROR: Cannot use positional argument after named argument {"exception":"[object] (Symfony\\Component\\ErrorHandler\\Error\\FatalError(code: 0): Cannot use positional argument after named argument at /home/tk-lpt-0530/Documents/Laravel_Projects/RevisitLaravel/routes/console.php:6)
[stacktrace]
#0 {main}
"} 
[2024-10-15 10:33:27] local.ERROR: Cannot use positional argument after named argument {"exception":"[object] (Symfony\\Component\\ErrorHandler\\Error\\FatalError(code: 0): Cannot use positional argument after named argument at /home/tk-lpt-0530/Documents/Laravel_Projects/RevisitLaravel/routes/console.php:6)
[stacktrace]
#0 {main}
"} 
[2024-10-15 10:34:27] local.ERROR: Cannot use positional argument after named argument {"exception":"[object] (Symfony\\Component\\ErrorHandler\\Error\\FatalError(code: 0): Cannot use positional argument after named argument at /home/tk-lpt-0530/Documents/Laravel_Projects/RevisitLaravel/routes/console.php:6)
[stacktrace]
#0 {main}
"} 
[2024-10-15 10:34:27] local.ERROR: Cannot use positional argument after named argument {"exception":"[object] (Symfony\\Component\\ErrorHandler\\Error\\FatalError(code: 0): Cannot use positional argument after named argument at /home/tk-lpt-0530/Documents/Laravel_Projects/RevisitLaravel/routes/console.php:6)
[stacktrace]
#0 {main}
"} 
[2024-10-15 10:35:27] local.ERROR: Cannot use positional argument after named argument {"exception":"[object] (Symfony\\Component\\ErrorHandler\\Error\\FatalError(code: 0): Cannot use positional argument after named argument at /home/tk-lpt-0530/Documents/Laravel_Projects/RevisitLaravel/routes/console.php:6)
[stacktrace]
#0 {main}
"} 
[2024-10-15 10:35:27] local.ERROR: Cannot use positional argument after named argument {"exception":"[object] (Symfony\\Component\\ErrorHandler\\Error\\FatalError(code: 0): Cannot use positional argument after named argument at /home/tk-lpt-0530/Documents/Laravel_Projects/RevisitLaravel/routes/console.php:6)
[stacktrace]
#0 {main}
"} 
[2024-10-15 10:36:27] local.ERROR: Cannot use positional argument after named argument {"exception":"[object] (Symfony\\Component\\ErrorHandler\\Error\\FatalError(code: 0): Cannot use positional argument after named argument at /home/tk-lpt-0530/Documents/Laravel_Projects/RevisitLaravel/routes/console.php:6)
[stacktrace]
#0 {main}
"} 
[2024-10-15 10:36:27] local.ERROR: Cannot use positional argument after named argument {"exception":"[object] (Symfony\\Component\\ErrorHandler\\Error\\FatalError(code: 0): Cannot use positional argument after named argument at /home/tk-lpt-0530/Documents/Laravel_Projects/RevisitLaravel/routes/console.php:6)
[stacktrace]
#0 {main}
"} 
[2024-10-15 10:37:27] local.ERROR: Cannot use positional argument after named argument {"exception":"[object] (Symfony\\Component\\ErrorHandler\\Error\\FatalError(code: 0): Cannot use positional argument after named argument at /home/tk-lpt-0530/Documents/Laravel_Projects/RevisitLaravel/routes/console.php:6)
[stacktrace]
#0 {main}
"} 
[2024-10-15 10:37:27] local.ERROR: Cannot use positional argument after named argument {"exception":"[object] (Symfony\\Component\\ErrorHandler\\Error\\FatalError(code: 0): Cannot use positional argument after named argument at /home/tk-lpt-0530/Documents/Laravel_Projects/RevisitLaravel/routes/console.php:6)
[stacktrace]
#0 {main}
"} 
[2024-10-15 10:37:27] local.ERROR: Cannot use positional argument after named argument {"exception":"[object] (Symfony\\Component\\ErrorHandler\\Error\\FatalError(code: 0): Cannot use positional argument after named argument at /home/tk-lpt-0530/Documents/Laravel_Projects/RevisitLaravel/routes/console.php:6)
[stacktrace]
#0 {main}
"} 
[2024-10-15 10:37:27] local.ERROR: Cannot use positional argument after named argument {"exception":"[object] (Symfony\\Component\\ErrorHandler\\Error\\FatalError(code: 0): Cannot use positional argument after named argument at /home/tk-lpt-0530/Documents/Laravel_Projects/RevisitLaravel/routes/console.php:6)
[stacktrace]
#0 {main}
"} 
[2024-10-15 10:38:27] local.ERROR: Cannot use positional argument after named argument {"exception":"[object] (Symfony\\Component\\ErrorHandler\\Error\\FatalError(code: 0): Cannot use positional argument after named argument at /home/tk-lpt-0530/Documents/Laravel_Projects/RevisitLaravel/routes/console.php:6)
[stacktrace]
#0 {main}
"} 
[2024-10-15 10:38:27] local.ERROR: Cannot use positional argument after named argument {"exception":"[object] (Symfony\\Component\\ErrorHandler\\Error\\FatalError(code: 0): Cannot use positional argument after named argument at /home/tk-lpt-0530/Documents/Laravel_Projects/RevisitLaravel/routes/console.php:6)
[stacktrace]
#0 {main}
"} 
[2024-10-15 10:39:27] local.ERROR: Cannot use positional argument after named argument {"exception":"[object] (Symfony\\Component\\ErrorHandler\\Error\\FatalError(code: 0): Cannot use positional argument after named argument at /home/tk-lpt-0530/Documents/Laravel_Projects/RevisitLaravel/routes/console.php:6)
[stacktrace]
#0 {main}
"} 
[2024-10-15 10:39:27] local.ERROR: Cannot use positional argument after named argument {"exception":"[object] (Symfony\\Component\\ErrorHandler\\Error\\FatalError(code: 0): Cannot use positional argument after named argument at /home/tk-lpt-0530/Documents/Laravel_Projects/RevisitLaravel/routes/console.php:6)
[stacktrace]
#0 {main}
"} 
[2024-10-15 10:40:27] local.ERROR: Cannot use positional argument after named argument {"exception":"[object] (Symfony\\Component\\ErrorHandler\\Error\\FatalError(code: 0): Cannot use positional argument after named argument at /home/tk-lpt-0530/Documents/Laravel_Projects/RevisitLaravel/routes/console.php:6)
[stacktrace]
#0 {main}
"} 
[2024-10-15 10:40:27] local.ERROR: Cannot use positional argument after named argument {"exception":"[object] (Symfony\\Component\\ErrorHandler\\Error\\FatalError(code: 0): Cannot use positional argument after named argument at /home/tk-lpt-0530/Documents/Laravel_Projects/RevisitLaravel/routes/console.php:6)
[stacktrace]
#0 {main}
"} 
[2024-10-15 10:41:27] local.ERROR: Cannot use positional argument after named argument {"exception":"[object] (Symfony\\Component\\ErrorHandler\\Error\\FatalError(code: 0): Cannot use positional argument after named argument at /home/tk-lpt-0530/Documents/Laravel_Projects/RevisitLaravel/routes/console.php:6)
[stacktrace]
#0 {main}
"} 
[2024-10-15 10:41:27] local.ERROR: Cannot use positional argument after named argument {"exception":"[object] (Symfony\\Component\\ErrorHandler\\Error\\FatalError(code: 0): Cannot use positional argument after named argument at /home/tk-lpt-0530/Documents/Laravel_Projects/RevisitLaravel/routes/console.php:6)
[stacktrace]
#0 {main}
"} 
[2024-10-15 10:42:27] local.ERROR: Cannot use positional argument after named argument {"exception":"[object] (Symfony\\Component\\ErrorHandler\\Error\\FatalError(code: 0): Cannot use positional argument after named argument at /home/tk-lpt-0530/Documents/Laravel_Projects/RevisitLaravel/routes/console.php:6)
[stacktrace]
#0 {main}
"} 
[2024-10-15 10:42:27] local.ERROR: Cannot use positional argument after named argument {"exception":"[object] (Symfony\\Component\\ErrorHandler\\Error\\FatalError(code: 0): Cannot use positional argument after named argument at /home/tk-lpt-0530/Documents/Laravel_Projects/RevisitLaravel/routes/console.php:6)
[stacktrace]
#0 {main}
"} 
[2024-10-15 10:43:27] local.ERROR: Cannot use positional argument after named argument {"exception":"[object] (Symfony\\Component\\ErrorHandler\\Error\\FatalError(code: 0): Cannot use positional argument after named argument at /home/tk-lpt-0530/Documents/Laravel_Projects/RevisitLaravel/routes/console.php:6)
[stacktrace]
#0 {main}
"} 
[2024-10-15 10:43:27] local.ERROR: Cannot use positional argument after named argument {"exception":"[object] (Symfony\\Component\\ErrorHandler\\Error\\FatalError(code: 0): Cannot use positional argument after named argument at /home/tk-lpt-0530/Documents/Laravel_Projects/RevisitLaravel/routes/console.php:6)
[stacktrace]
#0 {main}
"} 
[2024-10-15 10:44:27] local.ERROR: Cannot use positional argument after named argument {"exception":"[object] (Symfony\\Component\\ErrorHandler\\Error\\FatalError(code: 0): Cannot use positional argument after named argument at /home/tk-lpt-0530/Documents/Laravel_Projects/RevisitLaravel/routes/console.php:6)
[stacktrace]
#0 {main}
"} 
[2024-10-15 10:44:27] local.ERROR: Cannot use positional argument after named argument {"exception":"[object] (Symfony\\Component\\ErrorHandler\\Error\\FatalError(code: 0): Cannot use positional argument after named argument at /home/tk-lpt-0530/Documents/Laravel_Projects/RevisitLaravel/routes/console.php:6)
[stacktrace]
#0 {main}
"} 
[2024-10-15 10:45:27] local.ERROR: Cannot use positional argument after named argument {"exception":"[object] (Symfony\\Component\\ErrorHandler\\Error\\FatalError(code: 0): Cannot use positional argument after named argument at /home/tk-lpt-0530/Documents/Laravel_Projects/RevisitLaravel/routes/console.php:6)
[stacktrace]
#0 {main}
"} 
[2024-10-15 10:45:27] local.ERROR: Cannot use positional argument after named argument {"exception":"[object] (Symfony\\Component\\ErrorHandler\\Error\\FatalError(code: 0): Cannot use positional argument after named argument at /home/tk-lpt-0530/Documents/Laravel_Projects/RevisitLaravel/routes/console.php:6)
[stacktrace]
#0 {main}
"} 
[2024-10-15 10:46:27] local.ERROR: Cannot use positional argument after named argument {"exception":"[object] (Symfony\\Component\\ErrorHandler\\Error\\FatalError(code: 0): Cannot use positional argument after named argument at /home/tk-lpt-0530/Documents/Laravel_Projects/RevisitLaravel/routes/console.php:6)
[stacktrace]
#0 {main}
"} 
[2024-10-15 10:46:27] local.ERROR: Cannot use positional argument after named argument {"exception":"[object] (Symfony\\Component\\ErrorHandler\\Error\\FatalError(code: 0): Cannot use positional argument after named argument at /home/tk-lpt-0530/Documents/Laravel_Projects/RevisitLaravel/routes/console.php:6)
[stacktrace]
#0 {main}
"} 
[2024-10-15 10:47:27] local.ERROR: Cannot use positional argument after named argument {"exception":"[object] (Symfony\\Component\\ErrorHandler\\Error\\FatalError(code: 0): Cannot use positional argument after named argument at /home/tk-lpt-0530/Documents/Laravel_Projects/RevisitLaravel/routes/console.php:6)
[stacktrace]
#0 {main}
"} 
[2024-10-15 10:47:27] local.ERROR: Cannot use positional argument after named argument {"exception":"[object] (Symfony\\Component\\ErrorHandler\\Error\\FatalError(code: 0): Cannot use positional argument after named argument at /home/tk-lpt-0530/Documents/Laravel_Projects/RevisitLaravel/routes/console.php:6)
[stacktrace]
#0 {main}
"} 
[2024-10-15 10:47:27] local.ERROR: Cannot use positional argument after named argument {"exception":"[object] (Symfony\\Component\\ErrorHandler\\Error\\FatalError(code: 0): Cannot use positional argument after named argument at /home/tk-lpt-0530/Documents/Laravel_Projects/RevisitLaravel/routes/console.php:6)
[stacktrace]
#0 {main}
"} 
[2024-10-15 10:47:27] local.ERROR: Cannot use positional argument after named argument {"exception":"[object] (Symfony\\Component\\ErrorHandler\\Error\\FatalError(code: 0): Cannot use positional argument after named argument at /home/tk-lpt-0530/Documents/Laravel_Projects/RevisitLaravel/routes/console.php:6)
[stacktrace]
#0 {main}
"} 
[2024-10-15 10:48:27] local.ERROR: Cannot use positional argument after named argument {"exception":"[object] (Symfony\\Component\\ErrorHandler\\Error\\FatalError(code: 0): Cannot use positional argument after named argument at /home/tk-lpt-0530/Documents/Laravel_Projects/RevisitLaravel/routes/console.php:6)
[stacktrace]
#0 {main}
"} 
[2024-10-15 10:48:27] local.ERROR: Cannot use positional argument after named argument {"exception":"[object] (Symfony\\Component\\ErrorHandler\\Error\\FatalError(code: 0): Cannot use positional argument after named argument at /home/tk-lpt-0530/Documents/Laravel_Projects/RevisitLaravel/routes/console.php:6)
[stacktrace]
#0 {main}
"} 
[2024-10-15 10:49:27] local.ERROR: Cannot use positional argument after named argument {"exception":"[object] (Symfony\\Component\\ErrorHandler\\Error\\FatalError(code: 0): Cannot use positional argument after named argument at /home/tk-lpt-0530/Documents/Laravel_Projects/RevisitLaravel/routes/console.php:6)
[stacktrace]
#0 {main}
"} 
[2024-10-15 10:49:27] local.ERROR: Cannot use positional argument after named argument {"exception":"[object] (Symfony\\Component\\ErrorHandler\\Error\\FatalError(code: 0): Cannot use positional argument after named argument at /home/tk-lpt-0530/Documents/Laravel_Projects/RevisitLaravel/routes/console.php:6)
[stacktrace]
#0 {main}
"} 
[2024-10-15 10:50:27] local.ERROR: Cannot use positional argument after named argument {"exception":"[object] (Symfony\\Component\\ErrorHandler\\Error\\FatalError(code: 0): Cannot use positional argument after named argument at /home/tk-lpt-0530/Documents/Laravel_Projects/RevisitLaravel/routes/console.php:6)
[stacktrace]
#0 {main}
"} 
[2024-10-15 10:50:27] local.ERROR: Cannot use positional argument after named argument {"exception":"[object] (Symfony\\Component\\ErrorHandler\\Error\\FatalError(code: 0): Cannot use positional argument after named argument at /home/tk-lpt-0530/Documents/Laravel_Projects/RevisitLaravel/routes/console.php:6)
[stacktrace]
#0 {main}
"} 
[2024-10-15 10:51:27] local.ERROR: Cannot use positional argument after named argument {"exception":"[object] (Symfony\\Component\\ErrorHandler\\Error\\FatalError(code: 0): Cannot use positional argument after named argument at /home/tk-lpt-0530/Documents/Laravel_Projects/RevisitLaravel/routes/console.php:6)
[stacktrace]
#0 {main}
"} 
[2024-10-15 10:51:27] local.ERROR: Cannot use positional argument after named argument {"exception":"[object] (Symfony\\Component\\ErrorHandler\\Error\\FatalError(code: 0): Cannot use positional argument after named argument at /home/tk-lpt-0530/Documents/Laravel_Projects/RevisitLaravel/routes/console.php:6)
[stacktrace]
#0 {main}
"} 
[2024-10-15 10:52:27] local.ERROR: Cannot use positional argument after named argument {"exception":"[object] (Symfony\\Component\\ErrorHandler\\Error\\FatalError(code: 0): Cannot use positional argument after named argument at /home/tk-lpt-0530/Documents/Laravel_Projects/RevisitLaravel/routes/console.php:6)
[stacktrace]
#0 {main}
"} 
[2024-10-15 10:52:27] local.ERROR: Cannot use positional argument after named argument {"exception":"[object] (Symfony\\Component\\ErrorHandler\\Error\\FatalError(code: 0): Cannot use positional argument after named argument at /home/tk-lpt-0530/Documents/Laravel_Projects/RevisitLaravel/routes/console.php:6)
[stacktrace]
#0 {main}
"} 
[2024-10-15 10:53:27] local.ERROR: Cannot use positional argument after named argument {"exception":"[object] (Symfony\\Component\\ErrorHandler\\Error\\FatalError(code: 0): Cannot use positional argument after named argument at /home/tk-lpt-0530/Documents/Laravel_Projects/RevisitLaravel/routes/console.php:6)
[stacktrace]
#0 {main}
"} 
[2024-10-15 10:53:27] local.ERROR: Cannot use positional argument after named argument {"exception":"[object] (Symfony\\Component\\ErrorHandler\\Error\\FatalError(code: 0): Cannot use positional argument after named argument at /home/tk-lpt-0530/Documents/Laravel_Projects/RevisitLaravel/routes/console.php:6)
[stacktrace]
#0 {main}
"} 
[2024-10-15 10:54:27] local.ERROR: Cannot use positional argument after named argument {"exception":"[object] (Symfony\\Component\\ErrorHandler\\Error\\FatalError(code: 0): Cannot use positional argument after named argument at /home/tk-lpt-0530/Documents/Laravel_Projects/RevisitLaravel/routes/console.php:6)
[stacktrace]
#0 {main}
"} 
[2024-10-15 10:54:27] local.ERROR: Cannot use positional argument after named argument {"exception":"[object] (Symfony\\Component\\ErrorHandler\\Error\\FatalError(code: 0): Cannot use positional argument after named argument at /home/tk-lpt-0530/Documents/Laravel_Projects/RevisitLaravel/routes/console.php:6)
[stacktrace]
#0 {main}
"} 
[2024-10-15 10:55:27] local.ERROR: Cannot use positional argument after named argument {"exception":"[object] (Symfony\\Component\\ErrorHandler\\Error\\FatalError(code: 0): Cannot use positional argument after named argument at /home/tk-lpt-0530/Documents/Laravel_Projects/RevisitLaravel/routes/console.php:6)
[stacktrace]
#0 {main}
"} 
[2024-10-15 10:55:27] local.ERROR: Cannot use positional argument after named argument {"exception":"[object] (Symfony\\Component\\ErrorHandler\\Error\\FatalError(code: 0): Cannot use positional argument after named argument at /home/tk-lpt-0530/Documents/Laravel_Projects/RevisitLaravel/routes/console.php:6)
[stacktrace]
#0 {main}
"} 
[2024-10-15 10:56:27] local.ERROR: Cannot use positional argument after named argument {"exception":"[object] (Symfony\\Component\\ErrorHandler\\Error\\FatalError(code: 0): Cannot use positional argument after named argument at /home/tk-lpt-0530/Documents/Laravel_Projects/RevisitLaravel/routes/console.php:6)
[stacktrace]
#0 {main}
"} 
[2024-10-15 10:56:27] local.ERROR: Cannot use positional argument after named argument {"exception":"[object] (Symfony\\Component\\ErrorHandler\\Error\\FatalError(code: 0): Cannot use positional argument after named argument at /home/tk-lpt-0530/Documents/Laravel_Projects/RevisitLaravel/routes/console.php:6)
[stacktrace]
#0 {main}
"} 
[2024-10-15 10:57:27] local.ERROR: Cannot use positional argument after named argument {"exception":"[object] (Symfony\\Component\\ErrorHandler\\Error\\FatalError(code: 0): Cannot use positional argument after named argument at /home/tk-lpt-0530/Documents/Laravel_Projects/RevisitLaravel/routes/console.php:6)
[stacktrace]
#0 {main}
"} 
[2024-10-15 10:57:27] local.ERROR: Cannot use positional argument after named argument {"exception":"[object] (Symfony\\Component\\ErrorHandler\\Error\\FatalError(code: 0): Cannot use positional argument after named argument at /home/tk-lpt-0530/Documents/Laravel_Projects/RevisitLaravel/routes/console.php:6)
[stacktrace]
#0 {main}
"} 
[2024-10-15 10:57:27] local.ERROR: Cannot use positional argument after named argument {"exception":"[object] (Symfony\\Component\\ErrorHandler\\Error\\FatalError(code: 0): Cannot use positional argument after named argument at /home/tk-lpt-0530/Documents/Laravel_Projects/RevisitLaravel/routes/console.php:6)
[stacktrace]
#0 {main}
"} 
[2024-10-15 10:57:27] local.ERROR: Cannot use positional argument after named argument {"exception":"[object] (Symfony\\Component\\ErrorHandler\\Error\\FatalError(code: 0): Cannot use positional argument after named argument at /home/tk-lpt-0530/Documents/Laravel_Projects/RevisitLaravel/routes/console.php:6)
[stacktrace]
#0 {main}
"} 
[2024-10-15 10:58:27] local.ERROR: Cannot use positional argument after named argument {"exception":"[object] (Symfony\\Component\\ErrorHandler\\Error\\FatalError(code: 0): Cannot use positional argument after named argument at /home/tk-lpt-0530/Documents/Laravel_Projects/RevisitLaravel/routes/console.php:6)
[stacktrace]
#0 {main}
"} 
[2024-10-15 10:58:27] local.ERROR: Cannot use positional argument after named argument {"exception":"[object] (Symfony\\Component\\ErrorHandler\\Error\\FatalError(code: 0): Cannot use positional argument after named argument at /home/tk-lpt-0530/Documents/Laravel_Projects/RevisitLaravel/routes/console.php:6)
[stacktrace]
#0 {main}
"} 
[2024-10-15 10:59:27] local.ERROR: Cannot use positional argument after named argument {"exception":"[object] (Symfony\\Component\\ErrorHandler\\Error\\FatalError(code: 0): Cannot use positional argument after named argument at /home/tk-lpt-0530/Documents/Laravel_Projects/RevisitLaravel/routes/console.php:6)
[stacktrace]
#0 {main}
"} 
[2024-10-15 10:59:27] local.ERROR: Cannot use positional argument after named argument {"exception":"[object] (Symfony\\Component\\ErrorHandler\\Error\\FatalError(code: 0): Cannot use positional argument after named argument at /home/tk-lpt-0530/Documents/Laravel_Projects/RevisitLaravel/routes/console.php:6)
[stacktrace]
#0 {main}
"} 
[2024-10-15 11:00:27] local.ERROR: Cannot use positional argument after named argument {"exception":"[object] (Symfony\\Component\\ErrorHandler\\Error\\FatalError(code: 0): Cannot use positional argument after named argument at /home/tk-lpt-0530/Documents/Laravel_Projects/RevisitLaravel/routes/console.php:6)
[stacktrace]
#0 {main}
"} 
[2024-10-15 11:00:27] local.ERROR: Cannot use positional argument after named argument {"exception":"[object] (Symfony\\Component\\ErrorHandler\\Error\\FatalError(code: 0): Cannot use positional argument after named argument at /home/tk-lpt-0530/Documents/Laravel_Projects/RevisitLaravel/routes/console.php:6)
[stacktrace]
#0 {main}
"} 
[2024-10-15 11:01:27] local.ERROR: Cannot use positional argument after named argument {"exception":"[object] (Symfony\\Component\\ErrorHandler\\Error\\FatalError(code: 0): Cannot use positional argument after named argument at /home/tk-lpt-0530/Documents/Laravel_Projects/RevisitLaravel/routes/console.php:6)
[stacktrace]
#0 {main}
"} 
[2024-10-15 11:01:27] local.ERROR: Cannot use positional argument after named argument {"exception":"[object] (Symfony\\Component\\ErrorHandler\\Error\\FatalError(code: 0): Cannot use positional argument after named argument at /home/tk-lpt-0530/Documents/Laravel_Projects/RevisitLaravel/routes/console.php:6)
[stacktrace]
#0 {main}
"} 
[2024-10-15 11:02:27] local.ERROR: Cannot use positional argument after named argument {"exception":"[object] (Symfony\\Component\\ErrorHandler\\Error\\FatalError(code: 0): Cannot use positional argument after named argument at /home/tk-lpt-0530/Documents/Laravel_Projects/RevisitLaravel/routes/console.php:6)
[stacktrace]
#0 {main}
"} 
[2024-10-15 11:02:27] local.ERROR: Cannot use positional argument after named argument {"exception":"[object] (Symfony\\Component\\ErrorHandler\\Error\\FatalError(code: 0): Cannot use positional argument after named argument at /home/tk-lpt-0530/Documents/Laravel_Projects/RevisitLaravel/routes/console.php:6)
[stacktrace]
#0 {main}
"} 
[2024-10-15 11:03:27] local.ERROR: Cannot use positional argument after named argument {"exception":"[object] (Symfony\\Component\\ErrorHandler\\Error\\FatalError(code: 0): Cannot use positional argument after named argument at /home/tk-lpt-0530/Documents/Laravel_Projects/RevisitLaravel/routes/console.php:6)
[stacktrace]
#0 {main}
"} 
[2024-10-15 11:03:27] local.ERROR: Cannot use positional argument after named argument {"exception":"[object] (Symfony\\Component\\ErrorHandler\\Error\\FatalError(code: 0): Cannot use positional argument after named argument at /home/tk-lpt-0530/Documents/Laravel_Projects/RevisitLaravel/routes/console.php:6)
[stacktrace]
#0 {main}
"} 
[2024-10-15 11:04:27] local.ERROR: Cannot use positional argument after named argument {"exception":"[object] (Symfony\\Component\\ErrorHandler\\Error\\FatalError(code: 0): Cannot use positional argument after named argument at /home/tk-lpt-0530/Documents/Laravel_Projects/RevisitLaravel/routes/console.php:6)
[stacktrace]
#0 {main}
"} 
[2024-10-15 11:04:27] local.ERROR: Cannot use positional argument after named argument {"exception":"[object] (Symfony\\Component\\ErrorHandler\\Error\\FatalError(code: 0): Cannot use positional argument after named argument at /home/tk-lpt-0530/Documents/Laravel_Projects/RevisitLaravel/routes/console.php:6)
[stacktrace]
#0 {main}
"} 
[2024-10-15 11:05:27] local.ERROR: Cannot use positional argument after named argument {"exception":"[object] (Symfony\\Component\\ErrorHandler\\Error\\FatalError(code: 0): Cannot use positional argument after named argument at /home/tk-lpt-0530/Documents/Laravel_Projects/RevisitLaravel/routes/console.php:6)
[stacktrace]
#0 {main}
"} 
[2024-10-15 11:05:27] local.ERROR: Cannot use positional argument after named argument {"exception":"[object] (Symfony\\Component\\ErrorHandler\\Error\\FatalError(code: 0): Cannot use positional argument after named argument at /home/tk-lpt-0530/Documents/Laravel_Projects/RevisitLaravel/routes/console.php:6)
[stacktrace]
#0 {main}
"} 
[2024-10-15 11:06:25] local.ERROR: Cannot use positional argument after named argument {"exception":"[object] (Symfony\\Component\\ErrorHandler\\Error\\FatalError(code: 0): Cannot use positional argument after named argument at /home/tk-lpt-0530/Documents/Laravel_Projects/RevisitLaravel/routes/console.php:6)
[stacktrace]
#0 {main}
"} 
[2024-10-15 11:06:27] local.ERROR: Cannot use positional argument after named argument {"exception":"[object] (Symfony\\Component\\ErrorHandler\\Error\\FatalError(code: 0): Cannot use positional argument after named argument at /home/tk-lpt-0530/Documents/Laravel_Projects/RevisitLaravel/routes/console.php:6)
[stacktrace]
#0 {main}
"} 
[2024-10-15 11:06:27] local.ERROR: Cannot use positional argument after named argument {"exception":"[object] (Symfony\\Component\\ErrorHandler\\Error\\FatalError(code: 0): Cannot use positional argument after named argument at /home/tk-lpt-0530/Documents/Laravel_Projects/RevisitLaravel/routes/console.php:6)
[stacktrace]
#0 {main}
"} 
